idContact,idContactlist
10974285.0,{  }
10974287.0,{  }
10974288.0,{  }
10974291.0,{  }
10974309.0,{  }
10974310.0,{  }
10974318.0,{  }
10974323.0,{  }
10974324.0,{  }
10974325.0,{  }
10974329.0,{  }
10974332.0,{  }
10974334.0,{  }
10974335.0,{  }
10974336.0,{  }
10974340.0,{  }
10974341.0,{  }
10974342.0,{  }
10974343.0,{  }
10974344.0,{  }
10974345.0,{  }
10974346.0,{  }
10974347.0,{  }
10974348.0,{  }
10974349.0,{  }
10974360.0,{  }
10974366.0,{  }
10974368.0,{  }
10974372.0,{  }
10974387.0,{  }
10974388.0,{  }
10974389.0,{  }
10974396.0,{  }
10974398.0,{  }
10974402.0,{  }
10974406.0,{  }
10974407.0,{  }
10974413.0,{  }
10974414.0,{  }
10974415.0,{  }
10974416.0,{  }
10974423.0,{  }
10974427.0,{  }
10974431.0,{  }
10974434.0,{  }
10974435.0,{  }
10974442.0,{  }
10974443.0,{  }
10974444.0,{  }
10974449.0,{  }
10974452.0,{  }
10974454.0,{  }
10974457.0,{  }
10974458.0,{  }
10974459.0,{  }
10974463.0,{  }
11060908.0,{  }
11060919.0,"{ ""8990"" : { ""14154"" : { ""value"" : ""NCORHOLING DE COLOMBIA"" } } }"
11060921.0,{  }
11060939.0,"{ ""8990"" : { ""14154"" : { ""value"" : ""BELLEZA EXPRESS"" } } }"
11060940.0,"{ ""8990"" : { ""14154"" : { ""value"" : ""BENARY CIAL LTDA"" } } }"
11060947.0,"{ ""8990"" : { ""14154"" : { ""value"" : ""BRINKS DE COLOMBIA S.A"" } } }"
11060950.0,"{ ""8990"" : { ""14154"" : { ""value"" : ""BSN MEDICAL LTDA"" } } }"
11060960.0,"{ ""8990"" : { ""14154"" : { ""value"" : ""CAFÉ AGUILA ROJA"" } } }"
11060961.0,"{ ""8990"" : { ""14154"" : { ""value"" : ""CALIMAMOTORS S.A"" } } }"
11060971.0,"{ ""8990"" : { ""14154"" : { ""value"" : ""CARTONERA NACIONAL S.A"" } } }"
11060972.0,"{ ""8990"" : { ""14154"" : { ""value"" : ""CARTONERA AMERICA"" } } }"
11060974.0,"{ ""8990"" : { ""14154"" : { ""value"" : ""CARTONERA AMERICA"" } } }"
11060985.0,"{ ""8990"" : { ""14154"" : { ""value"" : ""CENTRALES  DE TRANSPORTES S.A"" } } }"
11060986.0,{  }
11061015.0,"{ ""8990"" : { ""14154"" : { ""value"" : ""COMESTIBLES ALDOR"" } } }"
11061022.0,{  }
11061035.0,"{ ""8990"" : { ""14154"" : { ""value"" : ""COOMEVA"" } } }"
11061038.0,"{ ""8990"" : { ""14154"" : { ""value"" : ""COMPAÑÍA DE JESÚS COLEGIO BERCHMANS"" } } }"
11061039.0,"{ ""8990"" : { ""14154"" : { ""value"" : ""COPAPEL LTDA"" } } }"
11061041.0,"{ ""8990"" : { ""14154"" : { ""value"" : ""COPAPEL LTDA"" } } }"
11061042.0,"{ ""8990"" : { ""14154"" : { ""value"" : ""COPAPEL LTDA"" } } }"
11061047.0,"{ ""8990"" : { ""14154"" : { ""value"" : ""CONSORCIO SUPREMA"" } } }"
11061049.0,"{ ""8990"" : { ""14154"" : { ""value"" : ""CONSORCIO SUPREMA"" } } }"
11061051.0,"{ ""8990"" : { ""14154"" : { ""value"" : ""CORPORACIÓN AUTONOMA REGIONAL VALLE- CVC"" } } }"
11061052.0,{  }
11061053.0,"{ ""8990"" : { ""14154"" : { ""value"" : ""CORPORACIÓN PARA LA RECREACIÓN POPULAR"" } } }"
11061054.0,"{ ""8990"" : { ""14154"" : { ""value"" : ""CORPORACIÓN PARA LA RECREACIÓN POPULAR"" } } }"
11061059.0,{  }
11061060.0,"{ ""8990"" : { ""14154"" : { ""value"" : ""CRUZ ROJA SECCIONAL"" } } }"
11061061.0,"{ ""8990"" : { ""14154"" : { ""value"" : ""DATECSA"" } } }"
11061064.0,"{ ""8990"" : { ""14154"" : { ""value"" : ""DICEL S.A"" } } }"
11061066.0,"{ ""8990"" : { ""14154"" : { ""value"" : ""DIMEL CLINICA CARDIOVASCULAR"" } } }"
11061067.0,"{ ""8990"" : { ""14154"" : { ""value"" : ""DIMEL CLINICA CARDIOVASCULAR"" } } }"
11061074.0,"{ ""8990"" : { ""14154"" : { ""value"" : ""DISTRICOL LTDA"" } } }"
11061076.0,"{ ""8990"" : { ""14154"" : { ""value"" : ""DISTRITIENDAS DE COLOMBIA"" } } }"
11061081.0,"{ ""8990"" : { ""14154"" : { ""value"" : ""EMERMEDICA"" } } }"
11061083.0,"{ ""8990"" : { ""14154"" : { ""value"" : ""EMI S.A"" } } }"
11061092.0,"{ ""8990"" : { ""14154"" : { ""value"" : ""ESPUMAS DEL VALLE"" } } }"
11061093.0,"{ ""8990"" : { ""14154"" : { ""value"" : ""ESPUMAS DEL VALLE"" } } }"
11061099.0,"{ ""8990"" : { ""14154"" : { ""value"" : ""ETIMARCAS LTDA"" } } }"
11061100.0,"{ ""8990"" : { ""14154"" : { ""value"" : ""ETIMARCAS LTDA"" } } }"
11061102.0,"{ ""8990"" : { ""14154"" : { ""value"" : ""FANALCA S.A"" } } }"
11061103.0,"{ ""8990"" : { ""14154"" : { ""value"" : ""FANALCA S.A"" } } }"
11061108.0,"{ ""8990"" : { ""14154"" : { ""value"" : ""FONAVI EMCALI"" } } }"
11061116.0,{  }
11061118.0,"{ ""8990"" : { ""14154"" : { ""value"" : ""GENRAL METALICA S.A"" } } }"
11061119.0,"{ ""8990"" : { ""14154"" : { ""value"" : ""GENRAL METALICA S.A"" } } }"
11061127.0,"{ ""8990"" : { ""14154"" : { ""value"" : ""GERENCIA SELECTA"" } } }"
11061129.0,"{ ""8990"" : { ""14154"" : { ""value"" : ""GOOD YEAR DE COLOMBIA S.A"" } } }"
11061136.0,"{ ""8990"" : { ""14154"" : { ""value"" : ""INGENIO  CARMELITA"" } } }"
11061137.0,"{ ""8990"" : { ""14154"" : { ""value"" : ""INGENIO DEL CAUCA S.A"" } } }"
11061139.0,"{ ""8990"" : { ""14154"" : { ""value"" : ""INGENIO DEL CAUCA S.A"" } } }"
11061142.0,"{ ""8990"" : { ""14154"" : { ""value"" : ""INGENIO PICHICHI"" } } }"
11061143.0,"{ ""8990"" : { ""14154"" : { ""value"" : ""INGENIO PICHICHI"" } } }"
11061144.0,"{ ""8990"" : { ""14154"" : { ""value"" : ""INGENIO PICHICHI"" } } }"
11061147.0,"{ ""8990"" : { ""14154"" : { ""value"" : ""INGENIO SAN CARLOS"" } } }"
11061148.0,"{ ""8990"" : { ""14154"" : { ""value"" : ""INGENIO SAN CARLOS"" } } }"
11061151.0,"{ ""8990"" : { ""14154"" : { ""value"" : ""INMOPACIFICO S.A"" } } }"
11061153.0,"{ ""8990"" : { ""14154"" : { ""value"" : ""INORCA LTDA"" } } }"
11061156.0,"{ ""8990"" : { ""14154"" : { ""value"" : ""INORCA LTDA"" } } }"
11061160.0,{  }
11061161.0,{  }
11061161.0,{  }
11061168.0,"{ ""8990"" : { ""14154"" : { ""value"" : ""JM INMOBILIARIA"" } } }"
11061174.0,{  }
11061175.0,"{ ""8990"" : { ""14154"" : { ""value"" : ""LABORATORIOS RECAMIER"" } } }"
11061179.0,"{ ""8990"" : { ""14154"" : { ""value"" : ""INDUSTRIA Y LICORES DEL VALLE"" } } }"
11061181.0,"{ ""8990"" : { ""14154"" : { ""value"" : ""LLOREDA S.A."" } } }"
11061182.0,"{ ""8990"" : { ""14154"" : { ""value"" : ""LLOREDA S.A."" } } }"
11061183.0,"{ ""8990"" : { ""14154"" : { ""value"" : ""LLOREDA S.A."" } } }"
11061184.0,"{ ""8990"" : { ""14154"" : { ""value"" : ""MARCELO DUQUE OSPINA ASOCIADOS"" } } }"
11061185.0,"{ ""8990"" : { ""14154"" : { ""value"" : ""MARCELO DUQUE OSPINA ASOCIADOS"" } } }"
11061186.0,"{ ""8990"" : { ""14154"" : { ""value"" : ""MAGIG BOX"" } } }"
11061189.0,"{ ""8990"" : { ""14154"" : { ""value"" : ""MARVAL"" } } }"
11061192.0,"{ ""8990"" : { ""14154"" : { ""value"" : ""METROVIA"" } } }"
11061193.0,"{ ""8990"" : { ""14154"" : { ""value"" : ""METROVIA"" } } }"
11061197.0,"{ ""8990"" : { ""14154"" : { ""value"" : ""MULTIPARTES"" } } }"
11061201.0,"{ ""8990"" : { ""14154"" : { ""value"" : ""MUSICAR"" } } }"
11061203.0,"{ ""8990"" : { ""14154"" : { ""value"" : ""OFIHOTEL"" } } }"
11061204.0,{  }
11061205.0,"{ ""8990"" : { ""14154"" : { ""value"" : ""OPEN SYSTEM LTDA"" } } }"
11061214.0,"{ ""8990"" : { ""14154"" : { ""value"" : ""PLASTICOS RIMAX S.A.S"" } } }"
11061219.0,"{ ""8990"" : { ""14154"" : { ""value"" : ""PROTECNICA INGENIERIA S.A"" } } }"
11061220.0,"{ ""8990"" : { ""14154"" : { ""value"" : ""PROTECNICA INGENIERIA S.A"" } } }"
11061222.0,"{ ""8990"" : { ""14154"" : { ""value"" : ""PRODUCTOS YUPI"" } } }"
11061223.0,"{ ""8990"" : { ""14154"" : { ""value"" : ""PRODUCTOS YUPI"" } } }"
11061224.0,"{ ""8990"" : { ""14154"" : { ""value"" : ""ROMARCO"" } } }"
11061225.0,"{ ""8990"" : { ""14154"" : { ""value"" : ""ROMARCO"" } } }"
11061227.0,"{ ""8990"" : { ""14154"" : { ""value"" : ""TRANSPORTE RTR"" } } }"
11061229.0,"{ ""8990"" : { ""14154"" : { ""value"" : ""SANTA ANITA NAPOLES"" } } }"
11061231.0,"{ ""8990"" : { ""14154"" : { ""value"" : ""SANOFYSIN THE LABO DE COLOMBIA"" } } }"
11061234.0,"{ ""8990"" : { ""14154"" : { ""value"" : ""SEGURIDAD DIVISAR LTDA"" } } }"
11061238.0,"{ ""8990"" : { ""14154"" : { ""value"" : ""SEGURIDAD OMEGA LTDA"" } } }"
11061241.0,"{ ""8990"" : { ""14154"" : { ""value"" : ""SEGURIDAD SHATER DE COLOMBIA"" } } }"
11061245.0,"{ ""8990"" : { ""14154"" : { ""value"" : ""SERVICIO DE SALUD SSSI GROUP"" } } }"
11061246.0,"{ ""8990"" : { ""14154"" : { ""value"" : ""SERVICIO DE SALUD SSSI GROUP"" } } }"
11061249.0,"{ ""8990"" : { ""14154"" : { ""value"" : ""SIDOC- SIDERUGIA DE OCCIDENTE S.A"" } } }"
11061259.0,"{ ""8990"" : { ""14154"" : { ""value"" : ""SUCROMILES S.AS"" } } }"
11061260.0,"{ ""8990"" : { ""14154"" : { ""value"" : ""SUCROMILES S.AS"" } } }"
11061263.0,"{ ""8990"" : { ""14154"" : { ""value"" : ""SUPRAPACK S.A"" } } }"
11061264.0,"{ ""8990"" : { ""14154"" : { ""value"" : ""SURAMERICANA"" } } }"
11061265.0,"{ ""8990"" : { ""14154"" : { ""value"" : ""SURAMERICANA"" } } }"
11061266.0,"{ ""8990"" : { ""14154"" : { ""value"" : ""SURAMERICANA"" } } }"
11061267.0,"{ ""8990"" : { ""14154"" : { ""value"" : ""SURAMERICANA"" } } }"
11061268.0,"{ ""8990"" : { ""14154"" : { ""value"" : ""TALENT SOLUTIONS"" } } }"
11061270.0,"{ ""8990"" : { ""14154"" : { ""value"" : ""TECAM S.A"" } } }"
11061271.0,"{ ""8990"" : { ""14154"" : { ""value"" : ""TECAM S.A"" } } }"
11061272.0,"{ ""8990"" : { ""14154"" : { ""value"" : ""TECNICAÑA"" } } }"
11061273.0,"{ ""8990"" : { ""14154"" : { ""value"" : ""TECNICAÑA"" } } }"
11061274.0,"{ ""8990"" : { ""14154"" : { ""value"" : ""TELEPACIFICO"" } } }"
11061275.0,"{ ""8990"" : { ""14154"" : { ""value"" : ""TERMOVALLE CAE.SP"" } } }"
11061276.0,"{ ""8990"" : { ""14154"" : { ""value"" : ""TERMOVALLE CAE.SP"" } } }"
11061288.0,"{ ""8990"" : { ""14154"" : { ""value"" : ""UNIVERSIDAD SANTIAGO"" } } }"
11061293.0,"{ ""8990"" : { ""14154"" : { ""value"" : ""SAINC INGENIERON CONSTRUCTORES"" } } }"
11061297.0,"{ ""8990"" : { ""14154"" : { ""value"" : ""SODEXO SERVICIOS DE BENEFICIOS E INCENTIVOS COLOMBIA"" } } }"
11061366.0,"{ ""8990"" : { ""14154"" : { ""value"" : ""ARROCERA LA ESMERALDA S.A"" } } }"
11061367.0,"{ ""8990"" : { ""14154"" : { ""value"" : ""ARTEMISA"" } } }"
11061580.0,"{ ""8990"" : { ""14154"" : { ""value"" : ""INGENIO MAYAGUEZ"" } } }"
13744701.0,"{ ""8990"" : { ""14154"" : { ""value"" : ""CLINICA LOS ROBLES"" } } }"
13744750.0,"{ ""8990"" : { ""14154"" : { ""value"" : ""BEISBOL COLOMBIA"" } } }"
13744751.0,"{ ""8990"" : { ""14154"" : { ""value"" : ""BELLATELA"" } } }"
13744754.0,"{ ""8990"" : { ""14154"" : { ""value"" : ""BRILLADORA EL DIAMANTE S.A"" } } }"
13744755.0,"{ ""8990"" : { ""14154"" : { ""value"" : ""BRINKS DE COLOMBIA S.A"" } } }"
13744756.0,"{ ""8990"" : { ""14154"" : { ""value"" : ""BRINKS DE COLOMBIA S.A"" } } }"
13744757.0,"{ ""8990"" : { ""14154"" : { ""value"" : ""Bristol Myers Squibb De Colombia S.A."" } } }"
13744758.0,"{ ""8990"" : { ""14154"" : { ""value"" : ""BSN MEDICAL LTDA"" } } }"
13744759.0,"{ ""8990"" : { ""14154"" : { ""value"" : ""BSN MEDICAL LTDA"" } } }"
13744760.0,"{ ""8990"" : { ""14154"" : { ""value"" : ""CAFÉ AGUILA ROJA"" } } }"
13744761.0,"{ ""8990"" : { ""14154"" : { ""value"" : ""CALIER"" } } }"
13744762.0,"{ ""8990"" : { ""14154"" : { ""value"" : ""CALIER"" } } }"
13744765.0,"{ ""8990"" : { ""14154"" : { ""value"" : ""CAMACOL"" } } }"
13744766.0,"{ ""8990"" : { ""14154"" : { ""value"" : ""CAMACOL"" } } }"
13744768.0,"{ ""8990"" : { ""14154"" : { ""value"" : ""CARLOSA.CATAÑEDA Y CIAS LA GITANA"" } } }"
13744769.0,"{ ""8990"" : { ""14154"" : { ""value"" : ""CARLOSA.CATAÑEDA Y CIAS LA GITANA"" } } }"
13744770.0,"{ ""8990"" : { ""14154"" : { ""value"" : ""CARNES FRIAS ENRIKO"" } } }"
13744771.0,"{ ""8990"" : { ""14154"" : { ""value"" : ""CARNES Y DERIVADOS DE  OCCIDENTE"" } } }"
13744779.0,"{ ""8990"" : { ""14154"" : { ""value"" : ""CENTRACAR"" } } }"
13744780.0,"{ ""8990"" : { ""14154"" : { ""value"" : ""CENTRAL DE TRANSPORTES S.A"" } } }"
13744783.0,"{ ""8990"" : { ""14154"" : { ""value"" : ""CENTRALES  DE TRANSPORTES S.A"" } } }"
13744785.0,"{ ""8990"" : { ""14154"" : { ""value"" : ""CENTRO COMERCIAL UNICO OUTLET"" } } }"
13744786.0,"{ ""8990"" : { ""14154"" : { ""value"" : ""CENTRO DE EVENTOS VALLE DEL PACIFICO S.A"" } } }"
13744787.0,"{ ""8990"" : { ""14154"" : { ""value"" : ""CERVALLE"" } } }"
13744788.0,"{ ""8990"" : { ""14154"" : { ""value"" : ""CERVALLE"" } } }"
13744789.0,"{ ""8990"" : { ""14154"" : { ""value"" : ""CERVALLE"" } } }"
13744790.0,"{ ""8990"" : { ""14154"" : { ""value"" : ""CERVECERIA DEL VALLE"" } } }"
13744792.0,"{ ""8990"" : { ""14154"" : { ""value"" : ""CITA ANDINA DE COLOMBIA S.A"" } } }"
13744793.0,"{ ""8990"" : { ""14154"" : { ""value"" : ""CITA ANDINA DE COLOMBIA S.A"" } } }"
13744794.0,"{ ""8990"" : { ""14154"" : { ""value"" : ""CLEANER"" } } }"
13744795.0,"{ ""8990"" : { ""14154"" : { ""value"" : ""CLEANER S.A"" } } }"
13744802.0,"{ ""8990"" : { ""14154"" : { ""value"" : ""CLINICA NUESTRA SEÑORA DE LOS REMEDIOS"" } } }"
13744804.0,"{ ""8990"" : { ""14154"" : { ""value"" : ""CLINICA VALLE SALUD"" } } }"
13744805.0,"{ ""8990"" : { ""14154"" : { ""value"" : ""CLUB CAMPESTRE"" } } }"
13744806.0,"{ ""8990"" : { ""14154"" : { ""value"" : ""Club Colombia"" } } }"
13744808.0,"{ ""8990"" : { ""14154"" : { ""value"" : ""CLUB DEPORTIVO CALI"" } } }"
13744809.0,"{ ""8990"" : { ""14154"" : { ""value"" : ""CMP INGENIEROS"" } } }"
13744810.0,"{ ""8990"" : { ""14154"" : { ""value"" : ""CMYM CONSULRORES DE SEGUROS"" } } }"
13744812.0,"{ ""8990"" : { ""14154"" : { ""value"" : ""COLOMBINA AMAQUILA"" } } }"
13744815.0,"{ ""8990"" : { ""14154"" : { ""value"" : ""COLPENSIONES"" } } }"
13744816.0,"{ ""8990"" : { ""14154"" : { ""value"" : ""COLVANES LTDA"" } } }"
13744817.0,"{ ""8990"" : { ""14154"" : { ""value"" : ""COLVANES LTDA"" } } }"
13744818.0,"{ ""8990"" : { ""14154"" : { ""value"" : ""COMBUSTIBLE DE COLOMBIA S.A"" } } }"
13744820.0,"{ ""8990"" : { ""14154"" : { ""value"" : ""COMBUSTIBLE DE COLOMBIA S.A"" } } }"
13744824.0,"{ ""8990"" : { ""14154"" : { ""value"" : ""COMESTIBLES ALDOR"" } } }"
13744826.0,"{ ""8990"" : { ""14154"" : { ""value"" : ""COMFANDI"" } } }"
13744828.0,"{ ""8990"" : { ""14154"" : { ""value"" : ""COMITÉ DEPARTAMENTAL DE CAFETEROA DEL VALLE DEL CAUCA"" } } }"
13744831.0,"{ ""8990"" : { ""14154"" : { ""value"" : ""COMPAÑÍA DE VIG Y SEGURIDAD ATEMPI ANTIOQUIA LTDA"" } } }"
13744833.0,"{ ""8990"" : { ""14154"" : { ""value"" : ""CONCENTRADOS"" } } }"
13744835.0,"{ ""8990"" : { ""14154"" : { ""value"" : ""CONFECCIONES NOVA LTDA"" } } }"
13744837.0,"{ ""8990"" : { ""14154"" : { ""value"" : ""CONSTRUCCIONES CIVILES S.A"" } } }"
13744838.0,"{ ""8990"" : { ""14154"" : { ""value"" : ""CONSTRUCTORA ALPES"" } } }"
13744839.0,"{ ""8990"" : { ""14154"" : { ""value"" : ""CONSTRUCTORA ALPES"" } } }"
13744840.0,"{ ""8990"" : { ""14154"" : { ""value"" : ""CONSTRUCTORA BOLIVAR"" } } }"
13744841.0,"{ ""8990"" : { ""14154"" : { ""value"" : ""CONSTRUCTORA BOLIVAR CALI S.A"" } } }"
13744842.0,"{ ""8990"" : { ""14154"" : { ""value"" : ""CONSTRUCTORA CONVALLE"" } } }"
13744846.0,"{ ""8990"" : { ""14154"" : { ""value"" : ""COOMEVA"" } } }"
13744847.0,"{ ""8990"" : { ""14154"" : { ""value"" : ""COOMEVA"" } } }"
13744853.0,"{ ""8990"" : { ""14154"" : { ""value"" : ""CORPORACION MIXTA METROCALIDAD"" } } }"
13744855.0,"{ ""8990"" : { ""14154"" : { ""value"" : ""CORPORACIÓN PARA LA RECREACIÓN POPULAR"" } } }"
13744856.0,"{ ""8990"" : { ""14154"" : { ""value"" : ""CRUZ ROJA SECCIONAL"" } } }"
13744857.0,"{ ""8990"" : { ""14154"" : { ""value"" : ""DATECSA"" } } }"
13744858.0,"{ ""8990"" : { ""14154"" : { ""value"" : ""DECORCERAMICA"" } } }"
13744862.0,"{ ""8990"" : { ""14154"" : { ""value"" : ""DELTEC"" } } }"
13744864.0,"{ ""8990"" : { ""14154"" : { ""value"" : ""DEQUIMICOS LTDA"" } } }"
13744865.0,"{ ""8990"" : { ""14154"" : { ""value"" : ""DIMEL INGENIERIA"" } } }"
13744869.0,"{ ""8990"" : { ""14154"" : { ""value"" : ""DISTRIBUIDORA LA COSTA LTDA"" } } }"
13744870.0,"{ ""8990"" : { ""14154"" : { ""value"" : ""DISTRICOL LTDA"" } } }"
13744875.0,"{ ""8990"" : { ""14154"" : { ""value"" : ""DITE S.A"" } } }"
13744877.0,"{ ""8990"" : { ""14154"" : { ""value"" : ""DUQUE VILLALBA S.A"" } } }"
13744878.0,"{ ""8990"" : { ""14154"" : { ""value"" : ""EDUARDOÑO"" } } }"
13744879.0,"{ ""8990"" : { ""14154"" : { ""value"" : ""ELEMENTOS ELECTRICOS SA"" } } }"
13744880.0,"{ ""8990"" : { ""14154"" : { ""value"" : ""EMCALI"" } } }"
13744881.0,"{ ""8990"" : { ""14154"" : { ""value"" : ""EMI S.A"" } } }"
13744886.0,"{ ""8990"" : { ""14154"" : { ""value"" : ""EQUIPELCO SA"" } } }"
13744887.0,"{ ""8990"" : { ""14154"" : { ""value"" : ""ESPUMAS DEL VALLE"" } } }"
13744888.0,"{ ""8990"" : { ""14154"" : { ""value"" : ""ESTRUMETAL S.A"" } } }"
13744890.0,"{ ""8990"" : { ""14154"" : { ""value"" : ""ETAGRO Y CIA S EN CS"" } } }"
13744891.0,"{ ""8990"" : { ""14154"" : { ""value"" : ""ETERNIT PACIFICO S.A"" } } }"
13744894.0,"{ ""8990"" : { ""14154"" : { ""value"" : ""EVOLUCION"" } } }"
13744898.0,"{ ""8990"" : { ""14154"" : { ""value"" : ""FANALCA S.A"" } } }"
13744900.0,"{ ""8990"" : { ""14154"" : { ""value"" : ""FERIAS EVENTOS"" } } }"
13744901.0,"{ ""8990"" : { ""14154"" : { ""value"" : ""FERRO INDUSTRIAL LTDA"" } } }"
13744903.0,"{ ""8990"" : { ""14154"" : { ""value"" : ""FINESA"" } } }"
13744905.0,"{ ""8990"" : { ""14154"" : { ""value"" : ""FRAGANCIA Y SABORES"" } } }"
13744906.0,"{ ""8990"" : { ""14154"" : { ""value"" : ""FRAGANCIA Y SABORES"" } } }"
13744907.0,"{ ""8990"" : { ""14154"" : { ""value"" : ""FUNDACCION FESSOCIAL"" } } }"
13744910.0,"{ ""8990"" : { ""14154"" : { ""value"" : ""GANDINI Y OROZCO LTDA INGENIEROS"" } } }"
13744911.0,"{ ""8990"" : { ""14154"" : { ""value"" : ""GENFAR S.A"" } } }"
13744913.0,"{ ""8990"" : { ""14154"" : { ""value"" : ""GERENCIA SELECTA"" } } }"
13744916.0,"{ ""8990"" : { ""14154"" : { ""value"" : ""GIORGIO SPORT"" } } }"
13744920.0,"{ ""8990"" : { ""14154"" : { ""value"" : ""GPM"" } } }"
13744921.0,"{ ""8990"" : { ""14154"" : { ""value"" : ""GRANJA OASIS"" } } }"
13744922.0,"{ ""8990"" : { ""14154"" : { ""value"" : ""GRUPO ALAN S.A"" } } }"
13744923.0,"{ ""8990"" : { ""14154"" : { ""value"" : ""GRUPO HPG"" } } }"
13744924.0,"{ ""8990"" : { ""14154"" : { ""value"" : ""GRUPO NORMANDIA"" } } }"
13744925.0,"{ ""8990"" : { ""14154"" : { ""value"" : ""HAZCLEAN COLOMBIA SAS"" } } }"
13744926.0,"{ ""8990"" : { ""14154"" : { ""value"" : ""HERNANDO  OROZCO Y CIA S EN CS"" } } }"
13744927.0,"{ ""8990"" : { ""14154"" : { ""value"" : ""HOSPITAL DEPARTAMENTAL PSIQUIATRICO UNIVERSITARIO DEL VALLE"" } } }"
13744928.0,"{ ""8990"" : { ""14154"" : { ""value"" : ""HOTEL RADISON"" } } }"
13744929.0,"{ ""8990"" : { ""14154"" : { ""value"" : ""IME"" } } }"
13744930.0,"{ ""8990"" : { ""14154"" : { ""value"" : ""IMECOL S A"" } } }"
13744931.0,"{ ""8990"" : { ""14154"" : { ""value"" : ""IMPADOC S.A"" } } }"
13744932.0,"{ ""8990"" : { ""14154"" : { ""value"" : ""IMPADOC SA"" } } }"
13744933.0,"{ ""8990"" : { ""14154"" : { ""value"" : ""IMPORINOX SAS"" } } }"
13744934.0,"{ ""8990"" : { ""14154"" : { ""value"" : ""IMPORTACIONES EL CRISOL LTDA"" } } }"
13744937.0,"{ ""8990"" : { ""14154"" : { ""value"" : ""IMPORTACIONES FENIX"" } } }"
13744938.0,"{ ""8990"" : { ""14154"" : { ""value"" : ""INARCA"" } } }"
13744939.0,"{ ""8990"" : { ""14154"" : { ""value"" : ""INDEPENDIENTE"" } } }"
13744940.0,"{ ""8990"" : { ""14154"" : { ""value"" : ""INDEPENDIENTE"" } } }"
13744943.0,"{ ""8990"" : { ""14154"" : { ""value"" : ""INDUSENALES SAS"" } } }"
13744952.0,"{ ""8990"" : { ""14154"" : { ""value"" : ""INGENIO PICHICHI"" } } }"
13744953.0,"{ ""8990"" : { ""14154"" : { ""value"" : ""INGENIO PROVIDENCIA"" } } }"
13744954.0,"{ ""8990"" : { ""14154"" : { ""value"" : ""INGENIO SAN CARLOS"" } } }"
13744958.0,"{ ""8990"" : { ""14154"" : { ""value"" : ""INORCA LTDA"" } } }"
13744960.0,"{ ""8990"" : { ""14154"" : { ""value"" : ""INTEGRA CONSULTING LTDA"" } } }"
13744961.0,"{ ""8990"" : { ""14154"" : { ""value"" : ""INTERSALUD OCUPACIONAL"" } } }"
13744962.0,"{ ""8990"" : { ""14154"" : { ""value"" : ""INTERSALUD OCUPACIONAL"" } } }"
13744963.0,"{ ""8990"" : { ""14154"" : { ""value"" : ""INTERSALUD OCUPACIONAL"" } } }"
13744964.0,"{ ""8990"" : { ""14154"" : { ""value"" : ""INTERSALUD OCUPACIONAL"" } } }"
13744965.0,"{ ""8990"" : { ""14154"" : { ""value"" : ""INVERCOOB SEDE PRINCIPAL"" } } }"
13744966.0,"{ ""8990"" : { ""14154"" : { ""value"" : ""JHONSON CONTROLS"" } } }"
13744968.0,"{ ""8990"" : { ""14154"" : { ""value"" : ""JM INMOBILIARIA"" } } }"
13744969.0,"{ ""8990"" : { ""14154"" : { ""value"" : ""KOOLL IMPORTACIONES SAS"" } } }"
13744970.0,"{ ""8990"" : { ""14154"" : { ""value"" : ""LA 14"" } } }"
13744971.0,"{ ""8990"" : { ""14154"" : { ""value"" : ""LA 14"" } } }"
13744972.0,"{ ""8990"" : { ""14154"" : { ""value"" : ""LA TOUR S.A"" } } }"
13744973.0,"{ ""8990"" : { ""14154"" : { ""value"" : ""LA TOUR S.A"" } } }"
13744974.0,"{ ""8990"" : { ""14154"" : { ""value"" : ""LABORATORIO SAVANTIS ( BYSPRO)"" } } }"
13744976.0,"{ ""8990"" : { ""14154"" : { ""value"" : ""LABORATORIOS RECAMIER"" } } }"
13744977.0,"{ ""8990"" : { ""14154"" : { ""value"" : ""LAVATEX"" } } }"
13744978.0,"{ ""8990"" : { ""14154"" : { ""value"" : ""LEGALITY ABOGADOS"" } } }"
13744980.0,"{ ""8990"" : { ""14154"" : { ""value"" : ""LINA DAMARIS RAMIREZ"" } } }"
13744982.0,"{ ""8990"" : { ""14154"" : { ""value"" : ""MAGIG BOX"" } } }"
13744985.0,"{ ""8990"" : { ""14154"" : { ""value"" : ""MASTER PLAC"" } } }"
13744987.0,"{ ""8990"" : { ""14154"" : { ""value"" : ""MEGATEX S.A"" } } }"
13744988.0,"{ ""8990"" : { ""14154"" : { ""value"" : ""MERCAR"" } } }"
13744989.0,"{ ""8990"" : { ""14154"" : { ""value"" : ""METROVIA"" } } }"
13744992.0,"{ ""8990"" : { ""14154"" : { ""value"" : ""MULTIPARTES"" } } }"
13744993.0,"{ ""8990"" : { ""14154"" : { ""value"" : ""MULTIPARTES"" } } }"
13744994.0,"{ ""8990"" : { ""14154"" : { ""value"" : ""MUSICAR"" } } }"
13744996.0,"{ ""8990"" : { ""14154"" : { ""value"" : ""NUFARM DE COLOMBIA S.A"" } } }"
13744998.0,"{ ""8990"" : { ""14154"" : { ""value"" : ""OPEN SYSTEM LTDA"" } } }"
13744999.0,"{ ""8990"" : { ""14154"" : { ""value"" : ""OPEN SYSTEMS LTDA"" } } }"
13745002.0,"{ ""8990"" : { ""14154"" : { ""value"" : ""PACIFICTEX"" } } }"
13745003.0,"{ ""8990"" : { ""14154"" : { ""value"" : ""PARMALAT"" } } }"
13745004.0,"{ ""8990"" : { ""14154"" : { ""value"" : ""PERSONA NATURAL"" } } }"
13745005.0,"{ ""8990"" : { ""14154"" : { ""value"" : ""PERSONA NATURAL"" } } }"
13745006.0,"{ ""8990"" : { ""14154"" : { ""value"" : ""PLASTICOS RIMAX"" } } }"
13745007.0,"{ ""8990"" : { ""14154"" : { ""value"" : ""PLASTICOS RIMAX S.A.S"" } } }"
13745008.0,"{ ""8990"" : { ""14154"" : { ""value"" : ""PLEXO SAS"" } } }"
13745012.0,"{ ""8990"" : { ""14154"" : { ""value"" : ""POSTOBON"" } } }"
13745014.0,"{ ""8990"" : { ""14154"" : { ""value"" : ""POSTOBON"" } } }"
13745015.0,"{ ""8990"" : { ""14154"" : { ""value"" : ""PREMEZCLAS S.A"" } } }"
13745017.0,"{ ""8990"" : { ""14154"" : { ""value"" : ""PRODUCTOS ALIMENTICIOS LA LOCURA"" } } }"
13745020.0,"{ ""8990"" : { ""14154"" : { ""value"" : ""PROINVAL SAS"" } } }"
13745021.0,"{ ""8990"" : { ""14154"" : { ""value"" : ""PROMEDICO S.ACOLOMBIA - PROMEDICO"" } } }"
13745023.0,"{ ""8990"" : { ""14154"" : { ""value"" : ""PRONAVICOLA"" } } }"
13745024.0,"{ ""8990"" : { ""14154"" : { ""value"" : ""QUIMICA BASICA COLOMBIANA S A"" } } }"
13745026.0,"{ ""8990"" : { ""14154"" : { ""value"" : ""REDOX COLOMBIA SA"" } } }"
13745028.0,"{ ""8990"" : { ""14154"" : { ""value"" : ""ROMULO MONTES S.A"" } } }"
13745029.0,"{ ""8990"" : { ""14154"" : { ""value"" : ""ROMULO MONTES S.A"" } } }"
13745030.0,"{ ""8990"" : { ""14154"" : { ""value"" : ""SALAMANDRA"" } } }"
13745032.0,"{ ""8990"" : { ""14154"" : { ""value"" : ""SEDE ADMINISTRATICA  AMERICA DE CALI"" } } }"
13745035.0,"{ ""8990"" : { ""14154"" : { ""value"" : ""SEGUROS BOLIVAR"" } } }"
13745037.0,"{ ""8990"" : { ""14154"" : { ""value"" : ""SERVICIO DE SALUD SSSI GROUP"" } } }"
13745040.0,"{ ""8990"" : { ""14154"" : { ""value"" : ""SIEMENS S.A"" } } }"
13745042.0,"{ ""8990"" : { ""14154"" : { ""value"" : ""SIN SENA"" } } }"
13745044.0,"{ ""8990"" : { ""14154"" : { ""value"" : ""SOLDARCO SAS"" } } }"
13745045.0,"{ ""8990"" : { ""14154"" : { ""value"" : ""SOLLA"" } } }"
13745046.0,"{ ""8990"" : { ""14154"" : { ""value"" : ""SOLUCIONES INTEGRALES E INNOVADORAS GERS"" } } }"
13745047.0,"{ ""8990"" : { ""14154"" : { ""value"" : ""SOMOS GRUPO CONSTRUCTOR"" } } }"
13745051.0,"{ ""8990"" : { ""14154"" : { ""value"" : ""SUPERPACK"" } } }"
13745052.0,"{ ""8990"" : { ""14154"" : { ""value"" : ""SUPRAPACK S.A"" } } }"
13745053.0,"{ ""8990"" : { ""14154"" : { ""value"" : ""TAMETCO"" } } }"
13745055.0,"{ ""8990"" : { ""14154"" : { ""value"" : ""Tecnillantas de Colombia"" } } }"
13745057.0,"{ ""8990"" : { ""14154"" : { ""value"" : ""TIEMPOS Y ESPACIOS"" } } }"
13745058.0,"{ ""8990"" : { ""14154"" : { ""value"" : ""TIEMPOS Y ESPACIOS"" } } }"
13745059.0,"{ ""8990"" : { ""14154"" : { ""value"" : ""TOY PARK S.A.S Hobbye y juguetes"" } } }"
13745065.0,"{ ""8990"" : { ""14154"" : { ""value"" : ""TRIFIT LTDA ( DEPRISA)"" } } }"
13745066.0,"{ ""8990"" : { ""14154"" : { ""value"" : ""TRULY NOLEN VALLE SA"" } } }"
13745074.0,"{ ""8990"" : { ""14154"" : { ""value"" : ""VATIA S.A E.SP"" } } }"
13745077.0,"{ ""8990"" : { ""14154"" : { ""value"" : ""VIAJAR POR COLOMBIA Y EL MUNDO"" } } }"
13745078.0,"{ ""8990"" : { ""14154"" : { ""value"" : ""ZONA FRANCA DEL PACIFICO S.A."" } } }"
13745079.0,"{ ""8990"" : { ""14154"" : { ""value"" : ""ZONA FRANCA DEL PACIFICO S.A."" } } }"
15880831.0,{  }
15880832.0,{  }
15880833.0,{  }
19108873.0,"{ ""8990"" : { ""14154"" : { ""value"" : """" } } }"
19108874.0,"{ ""8990"" : { ""14154"" : { ""value"" : """" } } }"
19132252.0,"{ ""8990"" : { ""14154"" : { ""value"" : """" } } }"
26772799.0,{  }
26773652.0,{  }
26773654.0,{  }
26773656.0,{  }
26773661.0,{  }
26773663.0,{  }
26773664.0,{  }
26773666.0,{  }
26773667.0,{  }
26773668.0,{  }
26773669.0,{  }
26773670.0,{  }
28602925.0,{  }
28603628.0,{  }
29278064.0,{  }
29278066.0,{  }
30787710.0,{  }
31025577.0,{  }
31970920.0,{  }
31970922.0,{  }
31984779.0,{  }
31987563.0,{  }
31987565.0,{  }
32551640.0,{  }
32552687.0,{  }
34034700.0,{  }
34034851.0,{  }
34506404.0,{  }
34523118.0,{  }
41995345.0,{  }
41996566.0,{  }
41996567.0,{  }
41996916.0,{  }
43261194.0,{  }
43261196.0,{  }
43261197.0,{  }
43261198.0,{  }
43261199.0,{  }
43261200.0,{  }
43261208.0,{  }
43261210.0,{  }
43261211.0,{  }
43261215.0,{  }
43261216.0,{  }
43261217.0,{  }
43261218.0,{  }
43261219.0,{  }
43261221.0,{  }
43261222.0,{  }
43261223.0,{  }
43261224.0,{  }
43261225.0,{  }
43261226.0,{  }
43261227.0,{  }
43261228.0,{  }
43261229.0,{  }
43261230.0,{  }
43261231.0,{  }
43261232.0,{  }
43261233.0,{  }
43261234.0,{  }
43261236.0,{  }
43261237.0,{  }
43261239.0,{  }
43261240.0,{  }
43261241.0,{  }
43261242.0,{  }
43261243.0,{  }
43261245.0,{  }
43261246.0,{  }
43261247.0,{  }
43261248.0,{  }
43261249.0,{  }
43261250.0,{  }
43261251.0,{  }
43261252.0,{  }
43261253.0,{  }
43261254.0,{  }
43261255.0,{  }
43261256.0,{  }
43261257.0,{  }
43261258.0,{  }
43261259.0,{  }
43261260.0,{  }
43261262.0,{  }
43261263.0,{  }
43261264.0,{  }
43261265.0,{  }
43261266.0,{  }
43261267.0,{  }
43261269.0,{  }
43261270.0,{  }
43261271.0,{  }
43261272.0,{  }
43261273.0,{  }
43261275.0,{  }
43261278.0,{  }
43261279.0,{  }
43261281.0,{  }
43261283.0,{  }
43261286.0,{  }
43261287.0,{  }
43261288.0,{  }
43261290.0,{  }
43261292.0,{  }
43261293.0,{  }
43261297.0,{  }
43261298.0,{  }
43261299.0,{  }
43261300.0,{  }
43261301.0,{  }
43261302.0,{  }
43261303.0,{  }
43261304.0,{  }
43261306.0,{  }
43261307.0,{  }
43261308.0,{  }
43261309.0,{  }
43261310.0,{  }
43261311.0,{  }
43261312.0,{  }
43261313.0,{  }
43261315.0,{  }
43261316.0,{  }
43261317.0,{  }
43261318.0,{  }
43261319.0,{  }
43261320.0,{  }
43261321.0,{  }
43261323.0,{  }
43261324.0,{  }
43261325.0,{  }
43261326.0,{  }
43261327.0,{  }
43261328.0,{  }
43261329.0,{  }
43261330.0,{  }
43261331.0,{  }
43261332.0,{  }
43261333.0,{  }
43261334.0,{  }
43261335.0,{  }
43261338.0,{  }
43261341.0,{  }
43261342.0,{  }
43261343.0,{  }
43261344.0,{  }
43261345.0,{  }
43261348.0,{  }
43261349.0,{  }
43261350.0,{  }
43261352.0,{  }
43261353.0,{  }
43261356.0,{  }
43261360.0,{  }
43261361.0,{  }
43261362.0,{  }
43261369.0,{  }
43261370.0,{  }
43261371.0,{  }
43261372.0,{  }
43261373.0,{  }
43261375.0,{  }
43261377.0,{  }
43261378.0,{  }
43261380.0,{  }
43261383.0,{  }
43261384.0,{  }
43261385.0,{  }
43261386.0,{  }
43261387.0,{  }
43261390.0,{  }
43261393.0,{  }
43261395.0,{  }
43261398.0,{  }
43261399.0,{  }
43261400.0,{  }
43261401.0,{  }
43261402.0,{  }
43261403.0,{  }
43261404.0,{  }
43261405.0,{  }
43261406.0,{  }
43261410.0,{  }
43261411.0,{  }
43261412.0,{  }
43261413.0,{  }
43261415.0,{  }
43261416.0,{  }
43261417.0,{  }
43261418.0,{  }
43261419.0,{  }
43261421.0,{  }
43261423.0,{  }
43261426.0,{  }
43261427.0,{  }
43261429.0,{  }
43261430.0,{  }
43261434.0,{  }
43261435.0,{  }
43261437.0,{  }
43261439.0,{  }
43261440.0,{  }
43261441.0,{  }
43261442.0,{  }
43261443.0,{  }
43261444.0,{  }
43261446.0,{  }
43261447.0,{  }
43261449.0,{  }
43261450.0,{  }
43261451.0,{  }
43261452.0,{  }
43261453.0,{  }
43261454.0,{  }
43261455.0,{  }
43261456.0,{  }
43261457.0,{  }
43261458.0,{  }
43261459.0,{  }
43261460.0,{  }
43261461.0,{  }
43261462.0,{  }
43261463.0,{  }
43261464.0,{  }
43261465.0,{  }
43261466.0,{  }
43261467.0,{  }
43261468.0,{  }
43261471.0,{  }
43261474.0,{  }
43261475.0,{  }
43261476.0,{  }
43261477.0,{  }
43261478.0,{  }
43261479.0,{  }
43261481.0,{  }
43261482.0,{  }
43261484.0,{  }
43261485.0,{  }
43261487.0,{  }
43261488.0,{  }
43261491.0,{  }
43261492.0,{  }
43261494.0,{  }
43261495.0,{  }
43261496.0,{  }
43261498.0,{  }
43261499.0,{  }
43261500.0,{  }
43261501.0,{  }
43261502.0,{  }
43261503.0,{  }
43261504.0,{  }
43261505.0,{  }
43261506.0,{  }
43261507.0,{  }
43261508.0,{  }
43261510.0,{  }
43261511.0,{  }
43261512.0,{  }
43261513.0,{  }
43261515.0,{  }
43261517.0,{  }
43261518.0,{  }
43261520.0,{  }
43261521.0,{  }
43261524.0,{  }
43261525.0,{  }
43261527.0,{  }
43261528.0,{  }
43261529.0,{  }
43261531.0,{  }
43261532.0,{  }
43261533.0,{  }
43261534.0,{  }
43261535.0,{  }
43261536.0,{  }
43261537.0,{  }
43261538.0,{  }
43261539.0,{  }
43261540.0,{  }
43261541.0,{  }
43261542.0,{  }
43261543.0,{  }
43261544.0,{  }
43261546.0,{  }
43261547.0,{  }
43261548.0,{  }
43261549.0,{  }
43261550.0,{  }
43261551.0,{  }
43261552.0,{  }
43261553.0,{  }
43261554.0,{  }
43261555.0,{  }
43261556.0,{  }
43261557.0,{  }
43261559.0,{  }
43261560.0,{  }
43261561.0,{  }
43261562.0,{  }
43261563.0,{  }
43261564.0,{  }
43261565.0,{  }
43261566.0,{  }
43261567.0,{  }
43261568.0,{  }
43261569.0,{  }
43261572.0,{  }
43261575.0,{  }
43261577.0,{  }
43261578.0,{  }
43261580.0,{  }
43261581.0,{  }
43261584.0,{  }
43261585.0,{  }
43261586.0,{  }
43261587.0,{  }
43261588.0,{  }
43261589.0,{  }
43261591.0,{  }
43261592.0,{  }
43261593.0,{  }
43261596.0,{  }
43261597.0,{  }
43261598.0,{  }
43261599.0,{  }
43261601.0,{  }
43261602.0,{  }
43261603.0,{  }
43261604.0,{  }
43261605.0,{  }
43261606.0,{  }
43261608.0,{  }
43261609.0,{  }
43261610.0,{  }
43261612.0,{  }
43261613.0,{  }
43261614.0,{  }
43261617.0,{  }
43261618.0,{  }
43261619.0,{  }
43261620.0,{  }
43261622.0,{  }
43261623.0,{  }
43261624.0,{  }
43261625.0,{  }
43261626.0,{  }
43261627.0,{  }
43261628.0,{  }
43261629.0,{  }
43261631.0,{  }
43261632.0,{  }
43261633.0,{  }
43261635.0,{  }
43261636.0,{  }
43261637.0,{  }
43261638.0,{  }
43261639.0,{  }
43261640.0,{  }
43261641.0,{  }
43261642.0,{  }
43261643.0,{  }
43261644.0,{  }
43261645.0,{  }
43261646.0,{  }
43261648.0,{  }
43261649.0,{  }
43261650.0,{  }
43261651.0,{  }
43261652.0,{  }
43261653.0,{  }
43261654.0,{  }
43261656.0,{  }
43261657.0,{  }
43261658.0,{  }
43261660.0,{  }
43261661.0,{  }
43261662.0,{  }
43261663.0,{  }
43261665.0,{  }
43261666.0,{  }
43261667.0,{  }
43261668.0,{  }
43261669.0,{  }
43261672.0,{  }
43261673.0,{  }
43261674.0,{  }
43261676.0,{  }
43261677.0,{  }
43261678.0,{  }
43261679.0,{  }
43261680.0,{  }
43261681.0,{  }
43261682.0,{  }
43261683.0,{  }
43261684.0,{  }
43261685.0,{  }
43261686.0,{  }
43261687.0,{  }
43261688.0,{  }
43261689.0,{  }
43261690.0,{  }
43261691.0,{  }
43261692.0,{  }
43261693.0,{  }
43261694.0,{  }
43261697.0,{  }
43261698.0,{  }
43261699.0,{  }
43261701.0,{  }
43261702.0,{  }
43261703.0,{  }
43261704.0,{  }
43261705.0,{  }
43261706.0,{  }
43261707.0,{  }
43261708.0,{  }
43261709.0,{  }
43261710.0,{  }
43261712.0,{  }
43261714.0,{  }
43261715.0,{  }
43261716.0,{  }
43261717.0,{  }
43261718.0,{  }
43261719.0,{  }
43261720.0,{  }
43261721.0,{  }
43261724.0,{  }
43261725.0,{  }
43261726.0,{  }
43261727.0,{  }
43261729.0,{  }
43261731.0,{  }
43261732.0,{  }
43261733.0,{  }
43261734.0,{  }
43261736.0,{  }
43261738.0,{  }
43261740.0,{  }
43261741.0,{  }
43261742.0,{  }
43261743.0,{  }
43261744.0,{  }
43261745.0,{  }
43261749.0,{  }
43261750.0,{  }
43261751.0,{  }
43261752.0,{  }
43261753.0,{  }
43261754.0,{  }
43261755.0,{  }
43261757.0,{  }
43261758.0,{  }
43261759.0,{  }
43261760.0,{  }
43261761.0,{  }
43261762.0,{  }
43261763.0,{  }
43261764.0,{  }
43261766.0,{  }
43261767.0,{  }
43261769.0,{  }
43261770.0,{  }
43274693.0,{  }
43274694.0,{  }
43274695.0,{  }
43274697.0,{  }
43274698.0,{  }
43274699.0,{  }
43274700.0,{  }
43274701.0,{  }
43274702.0,{  }
43274703.0,{  }
43274704.0,{  }
43274706.0,{  }
43274707.0,{  }
43274709.0,{  }
43274711.0,{  }
43274712.0,{  }
43275397.0,{  }
43275398.0,{  }
45258283.0,{  }
45258578.0,{  }
45258923.0,{  }
45258955.0,{  }
45258956.0,{  }
45258959.0,{  }
45263218.0,{  }
46266269.0,{  }
46266271.0,{  }
46266272.0,{  }
46266273.0,{  }
46266274.0,{  }
46266276.0,{  }
46266277.0,{  }
46266278.0,{  }
46266279.0,{  }
46266280.0,{  }
46266281.0,{  }
46266282.0,{  }
46266283.0,{  }
46266284.0,{  }
46266285.0,{  }
46266287.0,{  }
46266288.0,{  }
46266289.0,{  }
46266744.0,{  }
46266745.0,{  }
48249933.0,{  }
48249934.0,{  }
48249935.0,{  }
48517062.0,{  }
48517063.0,{  }
48517064.0,{  }
48517065.0,{  }
48517066.0,{  }
48517067.0,{  }
48517068.0,{  }
48517069.0,{  }
48517070.0,{  }
48517071.0,{  }
48517073.0,{  }
48517075.0,{  }
48517077.0,{  }
48517078.0,{  }
48517080.0,{  }
48517081.0,{  }
48517082.0,{  }
48517126.0,{  }
48517127.0,{  }
48525769.0,{  }
48525772.0,{  }
48525773.0,{  }
48525774.0,{  }
48525775.0,{  }
48525776.0,{  }
48525777.0,{  }
48525778.0,{  }
48525779.0,{  }
48525780.0,{  }
48525782.0,{  }
48525783.0,{  }
48525785.0,{  }
48525786.0,{  }
48525788.0,{  }
48525789.0,{  }
48525790.0,{  }
48525791.0,{  }
48525795.0,{  }
48525796.0,{  }
48525798.0,{  }
48525799.0,{  }
48525800.0,{  }
48525801.0,{  }
48525802.0,{  }
48525803.0,{  }
48525804.0,{  }
48525805.0,{  }
48525806.0,{  }
48525807.0,{  }
48525810.0,{  }
48525812.0,{  }
48525814.0,{  }
48525815.0,{  }
48525979.0,{  }
48527829.0,{  }
48527830.0,{  }
48527831.0,{  }
48527832.0,{  }
48614329.0,{  }
48614330.0,{  }
48648808.0,{  }
48648809.0,{  }
48648810.0,{  }
48648812.0,{  }
48648813.0,{  }
48648815.0,{  }
48648816.0,{  }
48648817.0,{  }
48648819.0,{  }
48648821.0,{  }
48648822.0,{  }
48648823.0,{  }
48648824.0,{  }
48648825.0,{  }
48648826.0,{  }
48648827.0,{  }
48648828.0,{  }
48648829.0,{  }
48648832.0,{  }
48648834.0,{  }
48648835.0,{  }
48648839.0,{  }
48648840.0,{  }
48648841.0,{  }
48648842.0,{  }
48648843.0,{  }
48648845.0,{  }
48648846.0,{  }
48648847.0,{  }
48648848.0,{  }
48648850.0,{  }
48648852.0,{  }
48648853.0,{  }
48648855.0,{  }
48648856.0,{  }
48648857.0,{  }
48648858.0,{  }
48648859.0,{  }
48648861.0,{  }
48648862.0,{  }
48648863.0,{  }
48648864.0,{  }
48648865.0,{  }
48648867.0,{  }
48648869.0,{  }
48648870.0,{  }
48648871.0,{  }
48648872.0,{  }
48648873.0,{  }
48648875.0,{  }
48648876.0,{  }
48648877.0,{  }
48648879.0,{  }
48648881.0,{  }
48648882.0,{  }
48648883.0,{  }
48648884.0,{  }
51714258.0,{  }
52863569.0,{  }
52863570.0,{  }
52863571.0,{  }
52863572.0,{  }
52863574.0,{  }
52863576.0,{  }
52863578.0,{  }
52863579.0,{  }
52863580.0,{  }
52863582.0,{  }
52863583.0,{  }
52863584.0,{  }
52863585.0,{  }
52863586.0,{  }
52863588.0,{  }
52863591.0,{  }
52863592.0,{  }
52863593.0,{  }
52863594.0,{  }
52863597.0,{  }
52863599.0,{  }
52863600.0,{  }
52863601.0,{  }
52863603.0,{  }
52863604.0,{  }
52863607.0,{  }
52863608.0,{  }
52863610.0,{  }
52863612.0,{  }
52863614.0,{  }
52863615.0,{  }
52863616.0,{  }
52863618.0,{  }
52863619.0,{  }
52863620.0,{  }
52863621.0,{  }
52863624.0,{  }
52863625.0,{  }
52863627.0,{  }
52863628.0,{  }
52863630.0,{  }
52863633.0,{  }
52863634.0,{  }
52863636.0,{  }
52863637.0,{  }
52863640.0,{  }
52863642.0,{  }
52863644.0,{  }
52863645.0,{  }
52863647.0,{  }
52863648.0,{  }
52863649.0,{  }
52863651.0,{  }
52863654.0,{  }
52863655.0,{  }
52863657.0,{  }
52863658.0,{  }
52863659.0,{  }
52863663.0,{  }
52863667.0,{  }
52863668.0,{  }
52863669.0,{  }
52863673.0,{  }
52863674.0,{  }
52863675.0,{  }
52863679.0,{  }
52863680.0,{  }
52863681.0,{  }
52863682.0,{  }
52863683.0,{  }
52863684.0,{  }
52863686.0,{  }
52863687.0,{  }
52863688.0,{  }
52863690.0,{  }
52863691.0,{  }
52863692.0,{  }
52863693.0,{  }
52863694.0,{  }
52863695.0,{  }
52863696.0,{  }
52863697.0,{  }
52863699.0,{  }
52863700.0,{  }
52863702.0,{  }
52863703.0,{  }
52863705.0,{  }
52863712.0,{  }
52863713.0,{  }
52863714.0,{  }
52863715.0,{  }
52863720.0,{  }
52863724.0,{  }
52863726.0,{  }
52863727.0,{  }
52863728.0,{  }
52863729.0,{  }
52863731.0,{  }
52863732.0,{  }
52863734.0,{  }
52863735.0,{  }
52863738.0,{  }
52863740.0,{  }
52863742.0,{  }
52863743.0,{  }
52863746.0,{  }
52863747.0,{  }
52863749.0,{  }
52863750.0,{  }
52863751.0,{  }
52863752.0,{  }
52863754.0,{  }
52863755.0,{  }
52863756.0,{  }
52863757.0,{  }
52863760.0,{  }
52863762.0,{  }
52863763.0,{  }
54020873.0,{  }
54020874.0,{  }
54020875.0,{  }
54020876.0,{  }
54020879.0,{  }
54020880.0,{  }
54020881.0,{  }
54020882.0,{  }
54020883.0,{  }
54020884.0,{  }
54020885.0,{  }
54020886.0,{  }
54020887.0,{  }
54020888.0,{  }
54020889.0,{  }
54020890.0,{  }
54020891.0,{  }
54020892.0,{  }
54020893.0,{  }
54020894.0,{  }
54020895.0,{  }
54020896.0,{  }
54020897.0,{  }
54020898.0,{  }
54020899.0,{  }
54020900.0,{  }
54020901.0,{  }
54020902.0,{  }
54020903.0,{  }
54020905.0,{  }
54020906.0,{  }
54020907.0,{  }
54020908.0,{  }
54020909.0,{  }
54020911.0,{  }
54020912.0,{  }
54020915.0,{  }
54020916.0,{  }
54020919.0,{  }
54020921.0,{  }
54020922.0,{  }
54020927.0,{  }
54020931.0,{  }
54020932.0,{  }
54020933.0,{  }
54020936.0,{  }
54020937.0,{  }
54020938.0,{  }
54020939.0,{  }
54020940.0,{  }
54020943.0,{  }
54020944.0,{  }
54020945.0,{  }
54020946.0,{  }
54020948.0,{  }
54020949.0,{  }
54020950.0,{  }
54020951.0,{  }
54020952.0,{  }
54020953.0,{  }
54020954.0,{  }
54020955.0,{  }
54020956.0,{  }
54020958.0,{  }
54020959.0,{  }
54020960.0,{  }
54020961.0,{  }
54020962.0,{  }
54020963.0,{  }
54020964.0,{  }
54020965.0,{  }
54020966.0,{  }
54020967.0,{  }
54020968.0,{  }
54020969.0,{  }
54020970.0,{  }
54020971.0,{  }
54020973.0,{  }
54020974.0,{  }
54020975.0,{  }
54020976.0,{  }
54020977.0,{  }
54020978.0,{  }
54020982.0,{  }
54020983.0,{  }
54020985.0,{  }
54020986.0,{  }
54020987.0,{  }
54020988.0,{  }
54020989.0,{  }
54020990.0,{  }
54020991.0,{  }
54020992.0,{  }
54020993.0,{  }
54020994.0,{  }
54020995.0,{  }
54020996.0,{  }
54020997.0,{  }
54020998.0,{  }
54020999.0,{  }
54021000.0,{  }
54021001.0,{  }
54021002.0,{  }
54021004.0,{  }
54021005.0,{  }
54021006.0,{  }
54021007.0,{  }
54021008.0,{  }
54021009.0,{  }
54021010.0,{  }
54021011.0,{  }
54021012.0,{  }
54021013.0,{  }
54021014.0,{  }
54021015.0,{  }
54021016.0,{  }
54021017.0,{  }
54021019.0,{  }
54021020.0,{  }
54021021.0,{  }
54021022.0,{  }
54021023.0,{  }
54021024.0,{  }
54021025.0,{  }
54021026.0,{  }
54021027.0,{  }
54021028.0,{  }
54021030.0,{  }
54021031.0,{  }
54021032.0,{  }
54021033.0,{  }
54021034.0,{  }
54021035.0,{  }
54021037.0,{  }
54021038.0,{  }
54021039.0,{  }
54021041.0,{  }
54021042.0,{  }
54021043.0,{  }
54021044.0,{  }
54021047.0,{  }
54021048.0,{  }
54021049.0,{  }
54021050.0,{  }
54021051.0,{  }
54021052.0,{  }
54021053.0,{  }
54021055.0,{  }
54021056.0,{  }
54021058.0,{  }
54021059.0,{  }
54021060.0,{  }
54021061.0,{  }
54021062.0,{  }
54021064.0,{  }
54021065.0,{  }
54021066.0,{  }
54021068.0,{  }
54021069.0,{  }
54021070.0,{  }
54021071.0,{  }
54021072.0,{  }
54021073.0,{  }
54021075.0,{  }
54021076.0,{  }
54021077.0,{  }
54021078.0,{  }
54021080.0,{  }
54021081.0,{  }
54021082.0,{  }
54021083.0,{  }
54021084.0,{  }
54021085.0,{  }
54021086.0,{  }
54021087.0,{  }
54021088.0,{  }
54021089.0,{  }
54021090.0,{  }
54021091.0,{  }
54021092.0,{  }
54021093.0,{  }
54021095.0,{  }
54021098.0,{  }
54021099.0,{  }
54021101.0,{  }
54021102.0,{  }
54021103.0,{  }
54021104.0,{  }
54021105.0,{  }
54021106.0,{  }
54021107.0,{  }
54021108.0,{  }
54021109.0,{  }
54021110.0,{  }
54021111.0,{  }
54021112.0,{  }
54021113.0,{  }
54021114.0,{  }
54021116.0,{  }
54021118.0,{  }
54021120.0,{  }
54021121.0,{  }
54021122.0,{  }
54021123.0,{  }
54021124.0,{  }
54021125.0,{  }
54021126.0,{  }
54021127.0,{  }
54021128.0,{  }
54021129.0,{  }
54021130.0,{  }
54021131.0,{  }
54021132.0,{  }
54021133.0,{  }
54021135.0,{  }
54021137.0,{  }
54021138.0,{  }
54021139.0,{  }
54021141.0,{  }
54021142.0,{  }
54021143.0,{  }
54021144.0,{  }
54021145.0,{  }
54021146.0,{  }
54021148.0,{  }
54021149.0,{  }
54021150.0,{  }
54021151.0,{  }
54021152.0,{  }
54021153.0,{  }
54021154.0,{  }
54021155.0,{  }
54021156.0,{  }
54021158.0,{  }
54021159.0,{  }
54021160.0,{  }
54021161.0,{  }
54021162.0,{  }
54021163.0,{  }
54021164.0,{  }
54021165.0,{  }
54021166.0,{  }
54021167.0,{  }
54021168.0,{  }
54021169.0,{  }
54021170.0,{  }
54021172.0,{  }
54021173.0,{  }
54021174.0,{  }
54021175.0,{  }
54021177.0,{  }
54021178.0,{  }
54021179.0,{  }
54021180.0,{  }
54021181.0,{  }
54021182.0,{  }
54021183.0,{  }
54021184.0,{  }
54021185.0,{  }
54021187.0,{  }
54021188.0,{  }
54021190.0,{  }
54021191.0,{  }
54021192.0,{  }
54021193.0,{  }
54021194.0,{  }
54021195.0,{  }
54021197.0,{  }
54021198.0,{  }
54021199.0,{  }
54021200.0,{  }
54021201.0,{  }
54021202.0,{  }
54021203.0,{  }
54021205.0,{  }
54021206.0,{  }
54021208.0,{  }
54021209.0,{  }
54021210.0,{  }
54021211.0,{  }
54021212.0,{  }
54021213.0,{  }
54021214.0,{  }
54021215.0,{  }
54021216.0,{  }
54021217.0,{  }
54021218.0,{  }
54021219.0,{  }
54021220.0,{  }
54021221.0,{  }
54021222.0,{  }
54021223.0,{  }
54021224.0,{  }
54021225.0,{  }
54021226.0,{  }
54021227.0,{  }
54021228.0,{  }
54021229.0,{  }
54021230.0,{  }
54021231.0,{  }
54021232.0,{  }
54021234.0,{  }
54021235.0,{  }
54021236.0,{  }
54021237.0,{  }
54021238.0,{  }
54021239.0,{  }
54021240.0,{  }
54021242.0,{  }
54021243.0,{  }
54021244.0,{  }
54021245.0,{  }
54021246.0,{  }
54021247.0,{  }
54021249.0,{  }
54021250.0,{  }
54021251.0,{  }
54021252.0,{  }
54021253.0,{  }
54021254.0,{  }
54021255.0,{  }
54021256.0,{  }
54021257.0,{  }
54021258.0,{  }
54021259.0,{  }
54021260.0,{  }
54021261.0,{  }
54021263.0,{  }
54021264.0,{  }
54021265.0,{  }
54021267.0,{  }
54021268.0,{  }
54021269.0,{  }
54021271.0,{  }
54021272.0,{  }
54021274.0,{  }
54021277.0,{  }
54021278.0,{  }
54021279.0,{  }
54021280.0,{  }
54021281.0,{  }
54021283.0,{  }
54021284.0,{  }
54021285.0,{  }
54021286.0,{  }
54021287.0,{  }
54021288.0,{  }
54021290.0,{  }
54021291.0,{  }
54021292.0,{  }
54021293.0,{  }
54021294.0,{  }
54021295.0,{  }
54021296.0,{  }
54021298.0,{  }
54021299.0,{  }
54021300.0,{  }
54021301.0,{  }
54021302.0,{  }
54021303.0,{  }
54021304.0,{  }
54021305.0,{  }
54021306.0,{  }
54021308.0,{  }
54021311.0,{  }
54021312.0,{  }
54021313.0,{  }
54021314.0,{  }
54021315.0,{  }
54021316.0,{  }
54021317.0,{  }
54021318.0,{  }
54021320.0,{  }
54021321.0,{  }
54021322.0,{  }
54021323.0,{  }
54021324.0,{  }
54021325.0,{  }
54021326.0,{  }
54021328.0,{  }
54021329.0,{  }
54021332.0,{  }
54021333.0,{  }
54021334.0,{  }
54021335.0,{  }
54021337.0,{  }
54021339.0,{  }
54021340.0,{  }
54021341.0,{  }
54021342.0,{  }
54021343.0,{  }
54021344.0,{  }
54021345.0,{  }
54021346.0,{  }
54021347.0,{  }
54021348.0,{  }
54021350.0,{  }
54021351.0,{  }
54021352.0,{  }
54021353.0,{  }
54021354.0,{  }
54021355.0,{  }
54021356.0,{  }
54021357.0,{  }
54021358.0,{  }
54021359.0,{  }
54021360.0,{  }
54021363.0,{  }
54021365.0,{  }
54021367.0,{  }
54021368.0,{  }
54021369.0,{  }
54021370.0,{  }
54021371.0,{  }
54021372.0,{  }
54021373.0,{  }
54021374.0,{  }
54021375.0,{  }
54021377.0,{  }
54021380.0,{  }
54021381.0,{  }
54021383.0,{  }
54021384.0,{  }
54021385.0,{  }
54021386.0,{  }
54021387.0,{  }
54021388.0,{  }
54021389.0,{  }
54021390.0,{  }
54021391.0,{  }
54021392.0,{  }
54021393.0,{  }
54021395.0,{  }
54021396.0,{  }
54021397.0,{  }
54021398.0,{  }
54021400.0,{  }
54021401.0,{  }
54021404.0,{  }
54021405.0,{  }
54021408.0,{  }
54021409.0,{  }
54021411.0,{  }
54021412.0,{  }
54021413.0,{  }
54021414.0,{  }
54021415.0,{  }
54021416.0,{  }
54021418.0,{  }
54021419.0,{  }
54021421.0,{  }
54021422.0,{  }
54021423.0,{  }
54021424.0,{  }
54021425.0,{  }
54021426.0,{  }
54021427.0,{  }
54021428.0,{  }
54021431.0,{  }
54021432.0,{  }
54021433.0,{  }
54021434.0,{  }
54021435.0,{  }
54021436.0,{  }
54021437.0,{  }
54021438.0,{  }
54021439.0,{  }
54021440.0,{  }
54021441.0,{  }
54021442.0,{  }
54021444.0,{  }
54021446.0,{  }
54021447.0,{  }
54021449.0,{  }
54021451.0,{  }
54021454.0,{  }
54021455.0,{  }
54021456.0,{  }
54021457.0,{  }
54021458.0,{  }
54021459.0,{  }
54021461.0,{  }
54021464.0,{  }
54021465.0,{  }
54021466.0,{  }
54021467.0,{  }
54021468.0,{  }
54021469.0,{  }
54021470.0,{  }
54021471.0,{  }
54021472.0,{  }
54021473.0,{  }
54021474.0,{  }
54021475.0,{  }
54021476.0,{  }
54021477.0,{  }
54021479.0,{  }
54021480.0,{  }
54021481.0,{  }
54021482.0,{  }
54021483.0,{  }
54021484.0,{  }
54021485.0,{  }
54021486.0,{  }
54021489.0,{  }
54021490.0,{  }
54021491.0,{  }
54021492.0,{  }
54021494.0,{  }
54021495.0,{  }
54021496.0,{  }
54021497.0,{  }
54021498.0,{  }
54021499.0,{  }
54021500.0,{  }
54021501.0,{  }
54021503.0,{  }
54021504.0,{  }
54021505.0,{  }
54021506.0,{  }
54021507.0,{  }
54021508.0,{  }
54021509.0,{  }
54021510.0,{  }
54021511.0,{  }
54021512.0,{  }
54021513.0,{  }
54021514.0,{  }
54021515.0,{  }
54021517.0,{  }
54021518.0,{  }
54021519.0,{  }
54021520.0,{  }
54021521.0,{  }
54021522.0,{  }
54021523.0,{  }
54021524.0,{  }
54021525.0,{  }
54021526.0,{  }
54021527.0,{  }
54021528.0,{  }
54021529.0,{  }
54021530.0,{  }
54021531.0,{  }
55318308.0,{  }
55318309.0,{  }
55318310.0,{  }
55318311.0,{  }
55318312.0,{  }
55318313.0,{  }
55318314.0,{  }
55318315.0,{  }
55318316.0,{  }
55318317.0,{  }
55318318.0,{  }
55318319.0,{  }
55318320.0,{  }
55318321.0,{  }
55318322.0,{  }
55318323.0,{  }
55318324.0,{  }
55318325.0,{  }
55318326.0,{  }
55318327.0,{  }
55318328.0,{  }
55318329.0,{  }
55318330.0,{  }
55318331.0,{  }
55318332.0,{  }
55318333.0,{  }
55318334.0,{  }
55318335.0,{  }
55318337.0,{  }
55318338.0,{  }
55318339.0,{  }
55318340.0,{  }
55318341.0,{  }
55318342.0,{  }
55318344.0,{  }
55318345.0,{  }
55318346.0,{  }
55318347.0,{  }
55318348.0,{  }
55318349.0,{  }
55318352.0,{  }
55318353.0,{  }
55318354.0,{  }
55318355.0,{  }
55318356.0,{  }
55318357.0,{  }
55318358.0,{  }
55318359.0,{  }
55318360.0,{  }
55318361.0,{  }
55318362.0,{  }
55318363.0,{  }
55318364.0,{  }
55318365.0,{  }
55318366.0,{  }
55686898.0,{  }
55686899.0,{  }
55686901.0,{  }
55686902.0,{  }
55686904.0,{  }
55686905.0,{  }
55686906.0,{  }
55686908.0,{  }
55686909.0,{  }
55686910.0,{  }
55686911.0,{  }
55686912.0,{  }
55686913.0,{  }
55686915.0,{  }
55686916.0,{  }
55686917.0,{  }
55686918.0,{  }
55686919.0,{  }
55686920.0,{  }
55686921.0,{  }
55686923.0,{  }
55686924.0,{  }
55686925.0,{  }
55686926.0,{  }
55686929.0,{  }
55686931.0,{  }
55686932.0,{  }
55686934.0,{  }
55686937.0,{  }
55686938.0,{  }
55686939.0,{  }
55686941.0,{  }
55686943.0,{  }
55686944.0,{  }
55686945.0,{  }
55686946.0,{  }
55686947.0,{  }
55686949.0,{  }
55686950.0,{  }
55686951.0,{  }
55686952.0,{  }
55686955.0,{  }
55686956.0,{  }
55686961.0,{  }
55686962.0,{  }
55686963.0,{  }
55686964.0,{  }
55686965.0,{  }
55686966.0,{  }
55686967.0,{  }
55686968.0,{  }
55686969.0,{  }
55686970.0,{  }
55686971.0,{  }
55686972.0,{  }
55686973.0,{  }
55686974.0,{  }
55686975.0,{  }
55686976.0,{  }
55686977.0,{  }
55686978.0,{  }
55686979.0,{  }
55686980.0,{  }
55686981.0,{  }
55686983.0,{  }
55686984.0,{  }
55686987.0,{  }
55686988.0,{  }
55686989.0,{  }
55686990.0,{  }
55686991.0,{  }
55686992.0,{  }
55686993.0,{  }
55686994.0,{  }
55686995.0,{  }
55686996.0,{  }
55686997.0,{  }
55686998.0,{  }
55687000.0,{  }
55687001.0,{  }
55687002.0,{  }
55687003.0,{  }
55687004.0,{  }
55687005.0,{  }
55687006.0,{  }
55687007.0,{  }
55687008.0,{  }
55687009.0,{  }
55687010.0,{  }
55687012.0,{  }
55687013.0,{  }
55687015.0,{  }
55687016.0,{  }
55687017.0,{  }
55687019.0,{  }
55687020.0,{  }
55687021.0,{  }
55687022.0,{  }
55687023.0,{  }
55687024.0,{  }
55687025.0,{  }
55687026.0,{  }
55687028.0,{  }
55687029.0,{  }
55687030.0,{  }
55687031.0,{  }
55687033.0,{  }
55687034.0,{  }
55687035.0,{  }
55687036.0,{  }
55687038.0,{  }
55687039.0,{  }
55687040.0,{  }
55687041.0,{  }
55687042.0,{  }
55687043.0,{  }
55687044.0,{  }
55687045.0,{  }
55687047.0,{  }
55687051.0,{  }
55687052.0,{  }
55687053.0,{  }
55687054.0,{  }
55687055.0,{  }
55687056.0,{  }
56195662.0,{  }
56195663.0,{  }
56195664.0,{  }
56195665.0,{  }
56195666.0,{  }
56195667.0,{  }
56195668.0,{  }
56195669.0,{  }
56195672.0,{  }
56195674.0,{  }
56195677.0,{  }
56195678.0,{  }
56195679.0,{  }
56195681.0,{  }
56195682.0,{  }
56195684.0,{  }
56195685.0,{  }
56195687.0,{  }
56195688.0,{  }
56195690.0,{  }
56195692.0,{  }
56195694.0,{  }
56195695.0,{  }
56195696.0,{  }
56195697.0,{  }
56195698.0,{  }
56195699.0,{  }
56195700.0,{  }
56195701.0,{  }
56195702.0,{  }
56195704.0,{  }
56195705.0,{  }
56195706.0,{  }
56195709.0,{  }
56195710.0,{  }
56195711.0,{  }
56195714.0,{  }
56195715.0,{  }
56195718.0,{  }
56195721.0,{  }
56195722.0,{  }
56195723.0,{  }
56195724.0,{  }
56195725.0,{  }
56195726.0,{  }
56195727.0,{  }
56195728.0,{  }
56195729.0,{  }
56195730.0,{  }
56195731.0,{  }
56195732.0,{  }
56195733.0,{  }
56195734.0,{  }
56195735.0,{  }
56195736.0,{  }
56195737.0,{  }
56195739.0,{  }
56195740.0,{  }
56195741.0,{  }
56195742.0,{  }
56195743.0,{  }
56195745.0,{  }
56195746.0,{  }
56195748.0,{  }
56195749.0,{  }
56195750.0,{  }
56195751.0,{  }
56195754.0,{  }
56195755.0,{  }
56195756.0,{  }
56195757.0,{  }
56195758.0,{  }
56195759.0,{  }
56195760.0,{  }
56195761.0,{  }
56195762.0,{  }
56195763.0,{  }
56195764.0,{  }
56195765.0,{  }
56195766.0,{  }
56195768.0,{  }
56195769.0,{  }
56195770.0,{  }
56195771.0,{  }
56195773.0,{  }
56195774.0,{  }
56195776.0,{  }
56195777.0,{  }
56195778.0,{  }
56195779.0,{  }
56195781.0,{  }
56195782.0,{  }
56195783.0,{  }
56195784.0,{  }
56195785.0,{  }
56195786.0,{  }
56195787.0,{  }
56195791.0,{  }
56195793.0,{  }
56195794.0,{  }
56195796.0,{  }
56195798.0,{  }
56195799.0,{  }
56195801.0,{  }
56195802.0,{  }
56195803.0,{  }
56195804.0,{  }
56195805.0,{  }
56195806.0,{  }
56195807.0,{  }
56195809.0,{  }
56195811.0,{  }
56195812.0,{  }
56195814.0,{  }
56195815.0,{  }
56195818.0,{  }
56195820.0,{  }
56195822.0,{  }
56195824.0,{  }
56195825.0,{  }
56195826.0,{  }
56195827.0,{  }
56195830.0,{  }
56195832.0,{  }
56195833.0,{  }
56195834.0,{  }
56195835.0,{  }
56195837.0,{  }
56195839.0,{  }
56195840.0,{  }
56195841.0,{  }
56195842.0,{  }
56195843.0,{  }
56195844.0,{  }
56195845.0,{  }
56195846.0,{  }
56195847.0,{  }
56195848.0,{  }
56195850.0,{  }
56195851.0,{  }
56195853.0,{  }
56195855.0,{  }
56195856.0,{  }
56195857.0,{  }
56195858.0,{  }
56195859.0,{  }
56195860.0,{  }
56195862.0,{  }
56195863.0,{  }
56195864.0,{  }
56195865.0,{  }
56195866.0,{  }
56195867.0,{  }
56195869.0,{  }
56195870.0,{  }
56195871.0,{  }
56195872.0,{  }
56195873.0,{  }
56195874.0,{  }
56195876.0,{  }
56195877.0,{  }
56195879.0,{  }
56195880.0,{  }
56195881.0,{  }
56195882.0,{  }
56195883.0,{  }
56195885.0,{  }
56195886.0,{  }
56195887.0,{  }
56195889.0,{  }
56195890.0,{  }
56195892.0,{  }
56195893.0,{  }
56195894.0,{  }
56195895.0,{  }
56195896.0,{  }
56195897.0,{  }
56195898.0,{  }
56195899.0,{  }
56195900.0,{  }
56195901.0,{  }
56195902.0,{  }
56195903.0,{  }
56195904.0,{  }
56195905.0,{  }
56195906.0,{  }
56195908.0,{  }
56195910.0,{  }
56195911.0,{  }
56195912.0,{  }
59575027.0,{  }
59575029.0,{  }
59575030.0,{  }
59575031.0,{  }
59575032.0,{  }
59575033.0,{  }
59575034.0,{  }
59575037.0,{  }
59575039.0,{  }
59575041.0,{  }
59575042.0,{  }
59575043.0,{  }
59575044.0,{  }
59575046.0,{  }
59575048.0,{  }
59575049.0,{  }
59575050.0,{  }
59575052.0,{  }
59575053.0,{  }
59575054.0,{  }
59575056.0,{  }
59575057.0,{  }
59575058.0,{  }
59575059.0,{  }
59575060.0,{  }
59575061.0,{  }
59575062.0,{  }
59575063.0,{  }
59575064.0,{  }
59575065.0,{  }
59575066.0,{  }
59575067.0,{  }
59575068.0,{  }
59575069.0,{  }
59575070.0,{  }
59575071.0,{  }
59575072.0,{  }
59575073.0,{  }
59575074.0,{  }
59575075.0,{  }
59575076.0,{  }
59575078.0,{  }
59575079.0,{  }
59575080.0,{  }
59575081.0,{  }
59575082.0,{  }
59575083.0,{  }
59575084.0,{  }
59575155.0,{  }
59575156.0,{  }
59575157.0,{  }
59575159.0,{  }
59575162.0,{  }
59575163.0,{  }
59575164.0,{  }
59575165.0,{  }
59575166.0,{  }
59575167.0,{  }
59575168.0,{  }
59575169.0,{  }
59575171.0,{  }
59575172.0,{  }
59575173.0,{  }
59575174.0,{  }
59575175.0,{  }
59575176.0,{  }
59575177.0,{  }
59575178.0,{  }
59575179.0,{  }
59575180.0,{  }
59575181.0,{  }
59575184.0,{  }
59575185.0,{  }
59575186.0,{  }
59575188.0,{  }
59575189.0,{  }
59575190.0,{  }
59575191.0,{  }
59575192.0,{  }
59575193.0,{  }
59575194.0,{  }
59575195.0,{  }
59575197.0,{  }
59575199.0,{  }
59575200.0,{  }
59575201.0,{  }
59575203.0,{  }
59575204.0,{  }
59575205.0,{  }
59575206.0,{  }
59575207.0,{  }
59575209.0,{  }
59575210.0,{  }
59575211.0,{  }
59575214.0,{  }
59575215.0,{  }
59575216.0,{  }
59575217.0,{  }
59575218.0,{  }
59575219.0,{  }
59575272.0,{  }
59575273.0,{  }
59575274.0,{  }
59575275.0,{  }
59575277.0,{  }
59575278.0,{  }
59575280.0,{  }
59575284.0,{  }
59575289.0,{  }
59575290.0,{  }
59575291.0,{  }
59575292.0,{  }
59575293.0,{  }
59575295.0,{  }
59575296.0,{  }
59575297.0,{  }
59575299.0,{  }
59575300.0,{  }
59575306.0,{  }
59575307.0,{  }
59575311.0,{  }
59575317.0,{  }
59575318.0,{  }
59575319.0,{  }
59575320.0,{  }
59575321.0,{  }
59575322.0,{  }
59575324.0,{  }
59575326.0,{  }
59575329.0,{  }
59575330.0,{  }
59575332.0,{  }
59575334.0,{  }
59575335.0,{  }
59575336.0,{  }
59575497.0,{  }
59575498.0,{  }
59575500.0,{  }
59575502.0,{  }
59575503.0,{  }
59575504.0,{  }
59575506.0,{  }
59575507.0,{  }
59575508.0,{  }
59575509.0,{  }
59575510.0,{  }
59575512.0,{  }
59575513.0,{  }
59575534.0,{  }
59575535.0,{  }
59575536.0,{  }
59575537.0,{  }
59575538.0,{  }
59575539.0,{  }
59575540.0,{  }
59575541.0,{  }
59575542.0,{  }
59575543.0,{  }
59575544.0,{  }
59575545.0,{  }
59575546.0,{  }
59575547.0,{  }
59575548.0,{  }
59575549.0,{  }
59575550.0,{  }
59575551.0,{  }
59575572.0,{  }
59575573.0,{  }
59575574.0,{  }
59575577.0,{  }
59575578.0,{  }
59575579.0,{  }
59575580.0,{  }
59575581.0,{  }
59575582.0,{  }
59575583.0,{  }
59575584.0,{  }
59575586.0,{  }
59575587.0,{  }
59575588.0,{  }
59575589.0,{  }
59575590.0,{  }
59575591.0,{  }
59575592.0,{  }
59575593.0,{  }
59575594.0,{  }
59575595.0,{  }
59575596.0,{  }
59575597.0,{  }
59575598.0,{  }
59575599.0,{  }
59575600.0,{  }
59575601.0,{  }
59575602.0,{  }
59575603.0,{  }
59575604.0,{  }
59575607.0,{  }
59575608.0,{  }
59575609.0,{  }
59575611.0,{  }
59575612.0,{  }
59575613.0,{  }
59575615.0,{  }
59575616.0,{  }
59575617.0,{  }
60449912.0,{  }
60449921.0,{  }
60449923.0,{  }
60449924.0,{  }
60450009.0,{  }
60450010.0,{  }
60450012.0,{  }
60450015.0,{  }
60450023.0,{  }
60450024.0,{  }
60450025.0,{  }
60450028.0,{  }
60450029.0,{  }
60450031.0,{  }
60450033.0,{  }
60450034.0,{  }
60450035.0,{  }
60450038.0,{  }
60450039.0,{  }
60450040.0,{  }
60450041.0,{  }
60450043.0,{  }
60450044.0,{  }
60450045.0,{  }
60450047.0,{  }
60450048.0,{  }
60450049.0,{  }
60450050.0,{  }
60450051.0,{  }
60450052.0,{  }
60450053.0,{  }
60450054.0,{  }
60450055.0,{  }
60450056.0,{  }
60450057.0,{  }
60450058.0,{  }
60450060.0,{  }
60450061.0,{  }
60450062.0,{  }
60452349.0,{  }
60452353.0,{  }
60452360.0,{  }
60452361.0,{  }
60452362.0,{  }
60452365.0,{  }
60452366.0,{  }
60452367.0,{  }
60452369.0,{  }
60452372.0,{  }
60452374.0,{  }
60452375.0,{  }
60452376.0,{  }
60452377.0,{  }
60452378.0,{  }
60452379.0,{  }
60452380.0,{  }
60452381.0,{  }
60452419.0,{  }
60452421.0,{  }
60452422.0,{  }
60452425.0,{  }
60452433.0,{  }
60452434.0,{  }
60452435.0,{  }
60452436.0,{  }
60452437.0,{  }
60452438.0,{  }
60452439.0,{  }
60452440.0,{  }
60452441.0,{  }
60452443.0,{  }
60452444.0,{  }
60452445.0,{  }
60452446.0,{  }
60452460.0,{  }
60452466.0,{  }
60452467.0,{  }
60452468.0,{  }
60452469.0,{  }
60452470.0,{  }
60452471.0,{  }
60452472.0,{  }
60452473.0,{  }
60452474.0,{  }
60452475.0,{  }
60452476.0,{  }
60452477.0,{  }
60452480.0,{  }
60452482.0,{  }
60452483.0,{  }
60452484.0,{  }
60452485.0,{  }
60452486.0,{  }
60452487.0,{  }
60452488.0,{  }
60452489.0,{  }
60452490.0,{  }
60452491.0,{  }
60452492.0,{  }
60452493.0,{  }
60452494.0,{  }
60452495.0,{  }
60452496.0,{  }
60452497.0,{  }
60452498.0,{  }
60452499.0,{  }
60452500.0,{  }
60452502.0,{  }
60452503.0,{  }
60452504.0,{  }
60452505.0,{  }
63232334.0,{  }
63232335.0,{  }
63232336.0,{  }
63232337.0,{  }
63232338.0,{  }
63232339.0,{  }
63232340.0,{  }
63232341.0,{  }
63232342.0,{  }
63232343.0,{  }
63232344.0,{  }
63232345.0,{  }
63232346.0,{  }
63232347.0,{  }
63232348.0,{  }
63232349.0,{  }
63232350.0,{  }
63232351.0,{  }
63232352.0,{  }
63232353.0,{  }
63232354.0,{  }
63232355.0,{  }
63232357.0,{  }
63232358.0,{  }
63232359.0,{  }
63232360.0,{  }
63232361.0,{  }
63232362.0,{  }
63232363.0,{  }
63232364.0,{  }
63232365.0,{  }
63232366.0,{  }
63232367.0,{  }
63232368.0,{  }
63232370.0,{  }
63232371.0,{  }
63232372.0,{  }
63232373.0,{  }
63232904.0,{  }
63232905.0,{  }
63232908.0,{  }
63232909.0,{  }
63232910.0,{  }
63232911.0,{  }
63232912.0,{  }
63232913.0,{  }
63232915.0,{  }
63232916.0,{  }
63232917.0,{  }
63232919.0,{  }
63232921.0,{  }
63232922.0,{  }
63232923.0,{  }
63232924.0,{  }
63232925.0,{  }
63232926.0,{  }
63232927.0,{  }
63232928.0,{  }
63232929.0,{  }
63232930.0,{  }
63232932.0,{  }
63232933.0,{  }
63232934.0,{  }
63232936.0,{  }
63232937.0,{  }
63232938.0,{  }
63232941.0,{  }
63232942.0,{  }
63232943.0,{  }
63232944.0,{  }
63232945.0,{  }
63232946.0,{  }
63232947.0,{  }
63232948.0,{  }
63232950.0,{  }
63232951.0,{  }
63232952.0,{  }
63232953.0,{  }
63232954.0,{  }
63232955.0,{  }
63232956.0,{  }
63232957.0,{  }
63232959.0,{  }
63232960.0,{  }
63232961.0,{  }
63232962.0,{  }
63232964.0,{  }
63232965.0,{  }
63232966.0,{  }
63232967.0,{  }
63232968.0,{  }
63232969.0,{  }
63232970.0,{  }
63232971.0,{  }
63232972.0,{  }
63232973.0,{  }
63232974.0,{  }
63232975.0,{  }
63232976.0,{  }
63232977.0,{  }
63232978.0,{  }
63232980.0,{  }
63232981.0,{  }
63232982.0,{  }
63232983.0,{  }
63232984.0,{  }
63232985.0,{  }
63232986.0,{  }
63232987.0,{  }
63232988.0,{  }
63232989.0,{  }
63232990.0,{  }
63232991.0,{  }
63232992.0,{  }
63232994.0,{  }
63232995.0,{  }
63232996.0,{  }
63232997.0,{  }
63233000.0,{  }
63233001.0,{  }
63233003.0,{  }
63233005.0,{  }
63233007.0,{  }
63233008.0,{  }
63233009.0,{  }
63233010.0,{  }
63233011.0,{  }
63233013.0,{  }
63233014.0,{  }
63233015.0,{  }
63233016.0,{  }
63233017.0,{  }
63233018.0,{  }
63233019.0,{  }
63233020.0,{  }
63233021.0,{  }
63233022.0,{  }
63233024.0,{  }
63233025.0,{  }
63233028.0,{  }
63233029.0,{  }
63233031.0,{  }
63233032.0,{  }
63233033.0,{  }
63233035.0,{  }
63233036.0,{  }
63233037.0,{  }
63233038.0,{  }
63233039.0,{  }
63233040.0,{  }
63233041.0,{  }
63233042.0,{  }
63233043.0,{  }
63233044.0,{  }
63233045.0,{  }
63233046.0,{  }
63233047.0,{  }
63233048.0,{  }
63233049.0,{  }
63233050.0,{  }
63233051.0,{  }
63233052.0,{  }
63233054.0,{  }
63233055.0,{  }
63233056.0,{  }
63233057.0,{  }
63233059.0,{  }
63233060.0,{  }
63233061.0,{  }
63233062.0,{  }
63233064.0,{  }
63233065.0,{  }
63233068.0,{  }
63233070.0,{  }
63233071.0,{  }
63233072.0,{  }
63233073.0,{  }
63233074.0,{  }
63233075.0,{  }
63233076.0,{  }
63233077.0,{  }
63233078.0,{  }
63233079.0,{  }
63233080.0,{  }
63233081.0,{  }
63233082.0,{  }
63233083.0,{  }
63233084.0,{  }
63233085.0,{  }
63233087.0,{  }
63233088.0,{  }
63233089.0,{  }
63233090.0,{  }
64997177.0,{  }
64997179.0,{  }
64997180.0,{  }
64997181.0,{  }
64997182.0,{  }
64997183.0,{  }
64997184.0,{  }
64997185.0,{  }
64997186.0,{  }
64997187.0,{  }
64997188.0,{  }
64997190.0,{  }
64997191.0,{  }
64997192.0,{  }
64997193.0,{  }
64997195.0,{  }
64997196.0,{  }
64997197.0,{  }
64997201.0,{  }
64997202.0,{  }
64997203.0,{  }
64997205.0,{  }
64997206.0,{  }
64997208.0,{  }
64997209.0,{  }
64997210.0,{  }
64997212.0,{  }
64997215.0,{  }
64997216.0,{  }
64997217.0,{  }
64997218.0,{  }
64997219.0,{  }
64997220.0,{  }
64997224.0,{  }
64997228.0,{  }
64997229.0,{  }
64997230.0,{  }
64997231.0,{  }
64997232.0,{  }
64997233.0,{  }
64997234.0,{  }
64997235.0,{  }
64997236.0,{  }
64997238.0,{  }
64997239.0,{  }
64997240.0,{  }
64997242.0,{  }
64997244.0,{  }
64997245.0,{  }
64997247.0,{  }
64997248.0,{  }
64997250.0,{  }
64997251.0,{  }
64997253.0,{  }
64997254.0,{  }
64997257.0,{  }
64997259.0,{  }
64997260.0,{  }
64997261.0,{  }
64997262.0,{  }
64997263.0,{  }
64997265.0,{  }
64997266.0,{  }
64997267.0,{  }
64997269.0,{  }
64997271.0,{  }
64997272.0,{  }
64997273.0,{  }
64997274.0,{  }
64997275.0,{  }
64997276.0,{  }
64997277.0,{  }
64997278.0,{  }
64997279.0,{  }
64997280.0,{  }
64997281.0,{  }
64997284.0,{  }
64997285.0,{  }
64997286.0,{  }
64997287.0,{  }
64997288.0,{  }
64997289.0,{  }
64997293.0,{  }
64997294.0,{  }
64997296.0,{  }
64997297.0,{  }
64997298.0,{  }
64997299.0,{  }
64997300.0,{  }
64997301.0,{  }
64997302.0,{  }
64997303.0,{  }
72960211.0,{  }
72960212.0,{  }
72960213.0,{  }
72960214.0,{  }
72960215.0,{  }
72960217.0,{  }
72960218.0,{  }
72960219.0,{  }
72960220.0,{  }
72960222.0,{  }
72960223.0,{  }
72960224.0,{  }
72960225.0,{  }
72960226.0,{  }
72960227.0,{  }
72960228.0,{  }
72960229.0,{  }
72960230.0,{  }
72960231.0,{  }
72960232.0,{  }
72960233.0,{  }
72960234.0,{  }
72960235.0,{  }
72960236.0,{  }
72960237.0,{  }
72960238.0,{  }
72960239.0,{  }
72960240.0,{  }
72960241.0,{  }
72960243.0,{  }
72960245.0,{  }
72960246.0,{  }
72960247.0,{  }
72960248.0,{  }
72960249.0,{  }
72960250.0,{  }
72960251.0,{  }
72960252.0,{  }
72960253.0,{  }
72960254.0,{  }
72960255.0,{  }
72960256.0,{  }
72960257.0,{  }
72960258.0,{  }
72960259.0,{  }
72960260.0,{  }
72960261.0,{  }
82486115.0,{  }
82486116.0,{  }
82486117.0,{  }
82486118.0,{  }
82486119.0,{  }
82486120.0,{  }
82486121.0,{  }
82486122.0,{  }
82486123.0,{  }
82486124.0,{  }
82486125.0,{  }
82486126.0,{  }
82486127.0,{  }
82486129.0,{  }
82486130.0,{  }
82486131.0,{  }
87405391.0,{  }
87405392.0,{  }
87405393.0,{  }
87405394.0,{  }
87405395.0,{  }
87405396.0,{  }
87405397.0,{  }
87405398.0,{  }
87405399.0,{  }
87405400.0,{  }
87405401.0,{  }
87405402.0,{  }
87405403.0,{  }
87405404.0,{  }
87405405.0,{  }
87405406.0,{  }
87405407.0,{  }
87405408.0,{  }
87405409.0,{  }
87405411.0,{  }
87405412.0,{  }
87405413.0,{  }
87405414.0,{  }
87405415.0,{  }
87405416.0,{  }
87405417.0,{  }
87405418.0,{  }
87405419.0,{  }
87405421.0,{  }
87405422.0,{  }
87405423.0,{  }
87405424.0,{  }
87405425.0,{  }
87405426.0,{  }
87405428.0,{  }
87405429.0,{  }
87405431.0,{  }
87405433.0,{  }
87405434.0,{  }
87405435.0,{  }
87405436.0,{  }
87405438.0,{  }
87405439.0,{  }
87405440.0,{  }
87405441.0,{  }
87405442.0,{  }
87405443.0,{  }
87405444.0,{  }
87405445.0,{  }
87405446.0,{  }
87405447.0,{  }
87405448.0,{  }
87405449.0,{  }
87405451.0,{  }
87405453.0,{  }
87405454.0,{  }
87405455.0,{  }
87405456.0,{  }
87405457.0,{  }
87405458.0,{  }
87405460.0,{  }
87405463.0,{  }
87405465.0,{  }
87405466.0,{  }
87405467.0,{  }
87405469.0,{  }
87405470.0,{  }
87405471.0,{  }
87405472.0,{  }
87405473.0,{  }
87405474.0,{  }
87405475.0,{  }
87405476.0,{  }
87405477.0,{  }
87405478.0,{  }
87405479.0,{  }
87405480.0,{  }
87405481.0,{  }
87405482.0,{  }
87405483.0,{  }
87405484.0,{  }
87405485.0,{  }
87405486.0,{  }
87405487.0,{  }
87405488.0,{  }
87405489.0,{  }
87405490.0,{  }
87405491.0,{  }
87405492.0,{  }
87405493.0,{  }
87405494.0,{  }
87405495.0,{  }
87405496.0,{  }
87405497.0,{  }
87405498.0,{  }
87405499.0,{  }
87405588.0,{  }
87405590.0,{  }
87405591.0,{  }
87405592.0,{  }
87405593.0,{  }
87405595.0,{  }
87405596.0,{  }
87405597.0,{  }
87405598.0,{  }
87405599.0,{  }
87405600.0,{  }
87405601.0,{  }
87405602.0,{  }
87405603.0,{  }
87405604.0,{  }
87405605.0,{  }
87405606.0,{  }
87405607.0,{  }
87405608.0,{  }
87405609.0,{  }
87405610.0,{  }
87405611.0,{  }
87405612.0,{  }
87405613.0,{  }
87405614.0,{  }
87405615.0,{  }
87405616.0,{  }
87405617.0,{  }
87405699.0,{  }
87405701.0,{  }
87405702.0,{  }
87405703.0,{  }
87405704.0,{  }
87405705.0,{  }
87405706.0,{  }
87405708.0,{  }
87405709.0,{  }
87405711.0,{  }
87405712.0,{  }
87405713.0,{  }
87405715.0,{  }
87405716.0,{  }
87405717.0,{  }
87405718.0,{  }
87405720.0,{  }
87405721.0,{  }
87405722.0,{  }
87405724.0,{  }
87405725.0,{  }
87405726.0,{  }
87405727.0,{  }
87405728.0,{  }
87405729.0,{  }
87405730.0,{  }
87405731.0,{  }
87405732.0,{  }
87405846.0,{  }
87405847.0,{  }
87405849.0,{  }
87405850.0,{  }
87405851.0,{  }
87405852.0,{  }
87405853.0,{  }
87405855.0,{  }
87405856.0,{  }
87405857.0,{  }
87405858.0,{  }
87405860.0,{  }
87405861.0,{  }
87405862.0,{  }
87405863.0,{  }
87405864.0,{  }
87405866.0,{  }
87405867.0,{  }
87405869.0,{  }
87405871.0,{  }
87405872.0,{  }
87405873.0,{  }
87405874.0,{  }
87405875.0,{  }
87405876.0,{  }
87405877.0,{  }
87405878.0,{  }
87405879.0,{  }
87405880.0,{  }
87405882.0,{  }
87405883.0,{  }
87405884.0,{  }
87405885.0,{  }
87405886.0,{  }
87405887.0,{  }
87405888.0,{  }
87405889.0,{  }
87405892.0,{  }
87405893.0,{  }
87405894.0,{  }
87405895.0,{  }
87405896.0,{  }
87405897.0,{  }
87405898.0,{  }
87405899.0,{  }
87896698.0,{  }
87896699.0,{  }
87896700.0,{  }
87896701.0,{  }
87896702.0,{  }
87896704.0,{  }
87896705.0,{  }
87896706.0,{  }
87896707.0,{  }
89689732.0,{  }
89689733.0,{  }
89689734.0,{  }
89689735.0,{  }
89689736.0,{  }
89689737.0,{  }
89689738.0,{  }
89689739.0,{  }
89689740.0,{  }
89689741.0,{  }
89689742.0,{  }
89689743.0,{  }
89689744.0,{  }
89689746.0,{  }
89689747.0,{  }
89689748.0,{  }
89689749.0,{  }
89689750.0,{  }
89689751.0,{  }
89689752.0,{  }
89689753.0,{  }
89689754.0,{  }
89689755.0,{  }
89690266.0,{  }
89690267.0,{  }
89690268.0,{  }
89690269.0,{  }
89690270.0,{  }
89690271.0,{  }
89690272.0,{  }
89690273.0,{  }
89690274.0,{  }
89690275.0,{  }
89690276.0,{  }
89690277.0,{  }
89690278.0,{  }
89690279.0,{  }
89690280.0,{  }
89690281.0,{  }
89690283.0,{  }
89690285.0,{  }
90126899.0,{  }
90126901.0,{  }
90126902.0,{  }
90126903.0,{  }
90126904.0,{  }
90126905.0,{  }
90126906.0,{  }
90126907.0,{  }
90126908.0,{  }
90126909.0,{  }
90126910.0,{  }
90126911.0,{  }
90126913.0,{  }
90126914.0,{  }
90126915.0,{  }
90126916.0,{  }
90126917.0,{  }
90126918.0,{  }
90126919.0,{  }
90126920.0,{  }
90126921.0,{  }
90126922.0,{  }
90126923.0,{  }
90126924.0,{  }
90126925.0,{  }
90126926.0,{  }
90126927.0,{  }
90126928.0,{  }
90126930.0,{  }
90126931.0,{  }
90126932.0,{  }
90126933.0,{  }
90126934.0,{  }
93318030.0,{  }
93318031.0,{  }
93318032.0,{  }
93318033.0,{  }
93318034.0,{  }
93318035.0,{  }
93318036.0,{  }
93318037.0,{  }
93318038.0,{  }
93318039.0,{  }
93318064.0,{  }
93318065.0,{  }
93318066.0,{  }
93318068.0,{  }
93318069.0,{  }
93318075.0,{  }
93318077.0,{  }
93318078.0,{  }
93318079.0,{  }
93318080.0,{  }
93318081.0,{  }
93318082.0,{  }
93318084.0,{  }
93318085.0,{  }
93318088.0,{  }
93318089.0,{  }
93318090.0,{  }
93318091.0,{  }
93318092.0,{  }
93318093.0,{  }
93318094.0,{  }
93318095.0,{  }
93318098.0,{  }
93318099.0,{  }
93344639.0,{  }
93344640.0,{  }
93344641.0,{  }
93344644.0,{  }
93344646.0,{  }
93344647.0,{  }
93344648.0,{  }
93344649.0,{  }
93344651.0,{  }
93344652.0,{  }
93344653.0,{  }
93344654.0,{  }
93344655.0,{  }
93344656.0,{  }
93344657.0,{  }
93344658.0,{  }
93344659.0,{  }
93344660.0,{  }
93344661.0,{  }
93344662.0,{  }
93344663.0,{  }
93344664.0,{  }
93344665.0,{  }
93344713.0,{  }
93344714.0,{  }
93344715.0,{  }
93344716.0,{  }
93344717.0,{  }
93344718.0,{  }
93344720.0,{  }
93344721.0,{  }
93344722.0,{  }
93344723.0,{  }
93344725.0,{  }
93344726.0,{  }
95204248.0,{  }
95204249.0,{  }
95204251.0,{  }
95204253.0,{  }
95204254.0,{  }
95204255.0,{  }
95204461.0,{  }
95204462.0,{  }
95204463.0,{  }
95204464.0,{  }
95204465.0,{  }
96233011.0,{  }
96233013.0,{  }
96233016.0,{  }
96233017.0,{  }
96233019.0,{  }
96233021.0,{  }
96233022.0,{  }
96233023.0,{  }
96233024.0,{  }
96233025.0,{  }
96233027.0,{  }
96233028.0,{  }
96233029.0,{  }
96233030.0,{  }
96233031.0,{  }
96233032.0,{  }
96233033.0,{  }
96233034.0,{  }
96233035.0,{  }
96233036.0,{  }
96233037.0,{  }
96300418.0,{  }
96300419.0,{  }
96300420.0,{  }
96300421.0,{  }
96300422.0,{  }
96300423.0,{  }
96300424.0,{  }
96300425.0,{  }
96300426.0,{  }
96300427.0,{  }
96300428.0,{  }
96300429.0,{  }
96612804.0,{  }
96612805.0,{  }
96612806.0,{  }
96612807.0,{  }
96612808.0,{  }
96612809.0,{  }
96612810.0,{  }
96612811.0,{  }
96612813.0,{  }
96612814.0,{  }
96612815.0,{  }
96612816.0,{  }
96612817.0,{  }
96612818.0,{  }
96612819.0,{  }
97198790.0,{  }
97198791.0,{  }
97198793.0,{  }
97198794.0,{  }
97198795.0,{  }
97198796.0,{  }
97198797.0,{  }
97198798.0,{  }
97198800.0,{  }
97198801.0,{  }
97198802.0,{  }
97198804.0,{  }
97198806.0,{  }
97198807.0,{  }
97198808.0,{  }
97198810.0,{  }
97198811.0,{  }
97198812.0,{  }
97198813.0,{  }
97198814.0,{  }
97198816.0,{  }
97198817.0,{  }
97198819.0,{  }
97198820.0,{  }
97198821.0,{  }
97198822.0,{  }
97198823.0,{  }
97198824.0,{  }
106321043.0,{  }
106321044.0,{  }
106321045.0,{  }
106321046.0,{  }
106321047.0,{  }
106321049.0,{  }
106321051.0,{  }
106321054.0,{  }
106321055.0,{  }
106321056.0,{  }
106321057.0,{  }
106321058.0,{  }
106321059.0,{  }
106321060.0,{  }
106321062.0,{  }
106321063.0,{  }
106321064.0,{  }
106321066.0,{  }
106321069.0,{  }
106321071.0,{  }
106321072.0,{  }
106321073.0,{  }
106321074.0,{  }
106321075.0,{  }
106321077.0,{  }
106321078.0,{  }
106321079.0,{  }
106321080.0,{  }
106321081.0,{  }
106321082.0,{  }
106321083.0,{  }
106321084.0,{  }
106321085.0,{  }
106321088.0,{  }
106321089.0,{  }
106321091.0,{  }
106321092.0,{  }
106321095.0,{  }
106321097.0,{  }
106321098.0,{  }
106321099.0,{  }
106321100.0,{  }
106321101.0,{  }
106321102.0,{  }
106321106.0,{  }
106321107.0,{  }
106321108.0,{  }
106321109.0,{  }
106321110.0,{  }
106321111.0,{  }
106321112.0,{  }
106321113.0,{  }
106321114.0,{  }
106321115.0,{  }
106321116.0,{  }
106321117.0,{  }
106321118.0,{  }
106321119.0,{  }
106321120.0,{  }
106321121.0,{  }
106321122.0,{  }
106321123.0,{  }
106321124.0,{  }
106321125.0,{  }
106321126.0,{  }
106321127.0,{  }
106321128.0,{  }
106321129.0,{  }
106321130.0,{  }
106321131.0,{  }
106321133.0,{  }
106321134.0,{  }
106321135.0,{  }
106321136.0,{  }
161853227.0,{  }
161853228.0,{  }
161853229.0,{  }
161853230.0,{  }
161853231.0,{  }
161853232.0,{  }
161853233.0,{  }
161853234.0,{  }
161853235.0,{  }
161853236.0,{  }
161853237.0,{  }
161853238.0,{  }
161853239.0,{  }
161853240.0,{  }
161853241.0,{  }
161853242.0,{  }
161853243.0,{  }
161853244.0,{  }
161853245.0,{  }
161853246.0,{  }
161853247.0,{  }
161853248.0,{  }
161853249.0,{  }
161853250.0,{  }
161853251.0,{  }
161853252.0,{  }
161853253.0,{  }
161853254.0,{  }
161853255.0,{  }
161853256.0,{  }
161853257.0,{  }
161853258.0,{  }
161853259.0,{  }
161853260.0,{  }
161853261.0,{  }
161853262.0,{  }
161853263.0,{  }
161853264.0,{  }
161853265.0,{  }
161853266.0,{  }
161853267.0,{  }
161853268.0,{  }
161853269.0,{  }
161853270.0,{  }
161853271.0,{  }
161853272.0,{  }
161853273.0,{  }
161853274.0,{  }
161853275.0,{  }
161853276.0,{  }
161853277.0,{  }
161853278.0,{  }
161853279.0,{  }
161853280.0,{  }
161853281.0,{  }
161853282.0,{  }
161853283.0,{  }
161853284.0,{  }
161853285.0,{  }
161853286.0,{  }
161853287.0,{  }
161853288.0,{  }
161853289.0,{  }
161853290.0,{  }
161853291.0,{  }
161853292.0,{  }
161853293.0,{  }
161853294.0,{  }
161853295.0,{  }
161853296.0,{  }
161853297.0,{  }
161853298.0,{  }
161853299.0,{  }
161853300.0,{  }
161853301.0,{  }
161853302.0,{  }
161853303.0,{  }
161853304.0,{  }
161853305.0,{  }
161853306.0,{  }
161853307.0,{  }
161853308.0,{  }
161853309.0,{  }
161853310.0,{  }
161853311.0,{  }
161853312.0,{  }
161853313.0,{  }
161853314.0,{  }
161853315.0,{  }
161853316.0,{  }
161853317.0,{  }
161853318.0,{  }
161853319.0,{  }
161853320.0,{  }
161853321.0,{  }
161853322.0,{  }
161853323.0,{  }
161853324.0,{  }
161853325.0,{  }
161853326.0,{  }
161853327.0,{  }
161853328.0,{  }
161853329.0,{  }
161853330.0,{  }
161853331.0,{  }
161853332.0,{  }
161853333.0,{  }
161853334.0,{  }
161853335.0,{  }
161853336.0,{  }
161853337.0,{  }
161853338.0,{  }
161853339.0,{  }
161853340.0,{  }
161853341.0,{  }
161853342.0,{  }
161853343.0,{  }
161853344.0,{  }
161853345.0,{  }
161853346.0,{  }
161853347.0,{  }
161853348.0,{  }
161853349.0,{  }
161853350.0,{  }
161853351.0,{  }
161853352.0,{  }
161853353.0,{  }
161853354.0,{  }
161853355.0,{  }
161853356.0,{  }
161853357.0,{  }
161853358.0,{  }
161853359.0,{  }
161853360.0,{  }
161853361.0,{  }
161853362.0,{  }
161853363.0,{  }
161853364.0,{  }
161853365.0,{  }
161853366.0,{  }
161853367.0,{  }
161853368.0,{  }
161853369.0,{  }
161853370.0,{  }
161853371.0,{  }
161853372.0,{  }
161853373.0,{  }
161853374.0,{  }
161853375.0,{  }
161853376.0,{  }
161853377.0,{  }
161853378.0,{  }
161853379.0,{  }
161853380.0,{  }
161853381.0,{  }
161853382.0,{  }
161853383.0,{  }
161853384.0,{  }
161853385.0,{  }
161853386.0,{  }
161853387.0,{  }
161853388.0,{  }
161853389.0,{  }
161853390.0,{  }
161853391.0,{  }
161853392.0,{  }
161853393.0,{  }
161853394.0,{  }
161853395.0,{  }
161853396.0,{  }
161853397.0,{  }
161853398.0,{  }
161853399.0,{  }
161853400.0,{  }
161853401.0,{  }
161853402.0,{  }
161853403.0,{  }
161853404.0,{  }
161853405.0,{  }
161853406.0,{  }
161853407.0,{  }
161853408.0,{  }
161853409.0,{  }
161853410.0,{  }
161853411.0,{  }
161853412.0,{  }
161853413.0,{  }
161853414.0,{  }
161853415.0,{  }
161853416.0,{  }
161853417.0,{  }
161853418.0,{  }
161853419.0,{  }
161853420.0,{  }
161853421.0,{  }
161853422.0,{  }
161853423.0,{  }
161853424.0,{  }
161853425.0,{  }
161853426.0,{  }
161853427.0,{  }
161853428.0,{  }
161853429.0,{  }
161853430.0,{  }
161853431.0,{  }
161853432.0,{  }
161853433.0,{  }
161853434.0,{  }
161853435.0,{  }
161853436.0,{  }
161853437.0,{  }
161853438.0,{  }
161853439.0,{  }
161853440.0,{  }
161853441.0,{  }
161853442.0,{  }
161853443.0,{  }
161853444.0,{  }
161853445.0,{  }
161853446.0,{  }
161853447.0,{  }
161853448.0,{  }
161853449.0,{  }
161853450.0,{  }
161853451.0,{  }
161853452.0,{  }
161853453.0,{  }
161853454.0,{  }
161853455.0,{  }
161853456.0,{  }
161853457.0,{  }
161853458.0,{  }
161853459.0,{  }
161853460.0,{  }
161853461.0,{  }
161853462.0,{  }
161853463.0,{  }
